"years","months","temp_Norway","temp_Netherlands","temp_Switzerland","temp_Iceland","temp_Azores","temp_St_Helena","temp_Rothera","atmospheric_CO2","CO2_emissions"
1880,1,NA,-0.17,-5.49,NA,NA,NA,NA,NA,0.0195
1880,2,NA,3.63,0.11,NA,NA,NA,NA,NA,0.0195
1880,3,NA,5.73,6.61,NA,NA,NA,NA,NA,0.0195
1880,4,NA,8.53,8.91,NA,NA,NA,NA,NA,0.0195
1880,5,NA,11.33,11.81,NA,NA,NA,NA,NA,0.0195
1880,6,NA,14.43,15.41,NA,NA,NA,NA,NA,0.0195
1880,7,NA,16.43,19.21,NA,NA,NA,NA,NA,0.0195
1880,8,NA,18.03,16.51,NA,NA,NA,NA,NA,0.0195
1880,9,NA,15.13,14.31,NA,NA,NA,NA,NA,0.0195
1880,10,NA,8.03,8.71,NA,NA,NA,NA,NA,0.0195
1880,11,NA,4.83,4.41,NA,NA,NA,NA,NA,0.0195
1880,12,NA,5.04,4.7,NA,NA,NA,NA,NA,0.0195
1881,1,NA,-3.06,-3.8,NA,NA,NA,NA,NA,0.0202
1881,2,NA,1.74,1.6,NA,NA,NA,NA,NA,0.0202
1881,3,NA,4.14,5.1,NA,NA,NA,NA,NA,0.0202
1881,4,NA,6.34,7.5,NA,NA,NA,NA,NA,0.0202
1881,5,NA,11.94,12.1,NA,NA,NA,NA,NA,0.0202
1881,6,NA,14.04,15.9,NA,NA,NA,NA,NA,0.0202
1881,7,NA,17.94,20.8,NA,NA,NA,NA,NA,0.0202
1881,8,NA,14.94,17.5,NA,NA,NA,NA,NA,0.0202
1881,9,NA,13.04,12.2,NA,NA,NA,NA,NA,0.0202
1881,10,NA,6.14,5.2,NA,NA,NA,NA,NA,0.0202
1881,11,NA,7.34,4.8,NA,NA,NA,NA,NA,0.0202
1881,12,NA,2.55,-0.2,NA,NA,NA,NA,NA,0.0202
1882,1,NA,2.05,-1.3,NA,NA,NA,NA,NA,0.0213
1882,2,NA,3.65,0.5,NA,NA,NA,NA,NA,0.0213
1882,3,NA,7.15,6.5,NA,NA,NA,NA,NA,0.0213
1882,4,NA,8.25,8.4,NA,NA,NA,NA,NA,0.0213
1882,5,NA,12.25,13.5,NA,NA,NA,NA,NA,0.0213
1882,6,NA,13.65,15.4,NA,NA,NA,NA,NA,0.0213
1882,7,NA,15.75,16.3,NA,NA,NA,NA,NA,0.0213
1882,8,NA,14.75,15.5,NA,NA,NA,NA,NA,0.0213
1882,9,NA,13.25,12.3,6.24,NA,NA,NA,NA,0.0213
1882,10,NA,9.55,9.6,6.04,NA,NA,NA,NA,0.0213
1882,11,NA,5.15,4.8,-0.86,NA,NA,NA,NA,0.0213
1882,12,NA,2.26,0.89,-2.86,NA,NA,NA,NA,0.0213
1883,1,NA,1.96,-0.11,-0.56,NA,NA,NA,NA,0.0227
1883,2,NA,4.56,2.49,0.04,NA,NA,NA,NA,0.0227
1883,3,NA,0.66,-0.21,-1.76,NA,NA,NA,NA,0.0227
1883,4,NA,8.06,7.59,3.94,NA,NA,NA,NA,0.0227
1883,5,NA,12.26,13.19,3.04,NA,NA,NA,NA,0.0227
1883,6,NA,15.46,15.49,10.14,NA,NA,NA,NA,0.0227
1883,7,NA,15.56,16.39,11.44,NA,NA,NA,NA,0.0227
1883,8,NA,15.86,16.29,8.64,NA,NA,NA,NA,0.0227
1883,9,NA,13.36,12.99,8.14,NA,NA,NA,NA,0.0227
1883,10,NA,9.76,7.29,3.84,NA,NA,NA,NA,0.0227
1883,11,NA,5.76,3.99,0.94,NA,NA,NA,NA,0.0227
1883,12,NA,3.17,-0.41,-0.16,NA,NA,NA,NA,0.0227
1884,1,NA,5.17,1.49,-2.86,NA,NA,NA,NA,0.023
1884,2,NA,4.57,1.89,-0.16,NA,NA,NA,NA,0.023
1884,3,NA,5.77,5.29,2.24,NA,NA,NA,NA,0.023
1884,4,NA,7.17,7.29,4.14,NA,NA,NA,NA,0.023
1884,5,NA,12.37,13.99,3.64,NA,NA,NA,NA,0.023
1884,6,NA,12.97,12.99,10.14,NA,NA,NA,NA,0.023
1884,7,NA,17.87,18.79,11.84,NA,NA,NA,NA,0.023
1884,8,NA,18.67,17.89,11.74,NA,NA,NA,NA,0.023
1884,9,NA,15.57,13.49,9.24,NA,NA,NA,NA,0.023
1884,10,NA,9.87,7.89,1.74,NA,NA,NA,NA,0.023
1884,11,NA,4.07,1.39,-0.36,NA,NA,NA,NA,0.023
1884,12,NA,3.48,0.28,-0.96,NA,NA,NA,NA,0.023
1885,1,NA,-0.42,-4.42,-0.16,NA,NA,NA,NA,0.0231
1885,2,NA,5.58,3.38,-7.16,NA,NA,NA,NA,0.0231
1885,3,NA,3.98,3.18,-3.86,NA,NA,NA,NA,0.0231
1885,4,NA,9.38,9.38,0.54,NA,NA,NA,NA,0.0231
1885,5,NA,9.68,10.18,3.34,NA,NA,NA,NA,0.0231
1885,6,NA,15.48,18.08,8.44,NA,NA,NA,NA,0.0231
1885,7,NA,16.88,18.78,10.84,NA,NA,NA,NA,0.0231
1885,8,NA,14.28,16.58,10.64,NA,NA,NA,NA,0.0231
1885,9,NA,12.38,12.68,6.84,NA,NA,NA,NA,0.0231
1885,10,NA,8.18,6.88,0.84,NA,NA,NA,NA,0.0231
1885,11,NA,3.68,3.88,-1.36,NA,NA,NA,NA,0.0231
1885,12,NA,2.29,-0.62,-2.56,NA,NA,NA,NA,0.0231
1886,1,NA,0.49,-2.02,-8.96,NA,NA,NA,NA,0.0235
1886,2,NA,-1.41,-2.72,-2.36,NA,NA,NA,NA,0.0235
1886,3,NA,2.89,2.18,-2.06,NA,NA,NA,NA,0.0235
1886,4,NA,7.99,9.58,0.14,NA,NA,NA,NA,0.0235
1886,5,NA,12.29,13.18,3.14,NA,NA,NA,NA,0.0235
1886,6,NA,13.69,14.18,8.84,NA,NA,NA,NA,0.0235
1886,7,NA,16.29,17.98,9.34,NA,NA,NA,NA,0.0235
1886,8,NA,16.49,17.08,8.24,NA,NA,NA,NA,0.0235
1886,9,NA,15.69,15.58,7.34,NA,NA,NA,NA,0.0235
1886,10,NA,10.79,9.48,5.24,NA,NA,NA,NA,0.0235
1886,11,NA,6.69,3.98,1.64,NA,NA,NA,NA,0.0235
1886,12,NA,1.7,0.58,-4.56,NA,NA,NA,NA,0.0235
1887,1,NA,-0.4,-4.22,-0.06,NA,NA,NA,NA,0.0247
1887,2,NA,1.8,-2.02,-0.46,NA,NA,NA,NA,0.0247
1887,3,NA,2.3,0.58,-1.05,NA,NA,NA,NA,0.0247
1887,4,NA,6.6,7.98,-0.46,NA,NA,NA,NA,0.0247
1887,5,NA,9.8,9.88,5.24,NA,NA,NA,NA,0.0247
1887,6,NA,15.2,17.58,10.54,NA,NA,NA,NA,0.0247
1887,7,NA,17.8,19.68,8.44,NA,NA,NA,NA,0.0247
1887,8,NA,15.7,16.58,8.54,NA,NA,NA,NA,0.0247
1887,9,NA,12.3,11.78,8.14,NA,NA,NA,NA,0.0247
1887,10,NA,7.3,4.68,2.04,NA,NA,NA,NA,0.0247
1887,11,NA,4.5,1.88,-3.15,NA,NA,NA,NA,0.0247
1887,12,NA,1.41,-1.73,-4.87,NA,NA,NA,NA,0.0247
1888,1,NA,0.01,-3.43,-0.27,NA,NA,NA,NA,0.0273
1888,2,NA,-1.29,-1.43,-0.97,NA,NA,NA,NA,0.0273
1888,3,NA,1.81,2.47,-4.37,NA,NA,NA,NA,0.0273
1888,4,NA,6.21,6.17,0.63,NA,NA,NA,NA,0.0273
1888,5,NA,11.01,14.07,2.93,NA,NA,NA,NA,0.0273
1888,6,NA,15.41,16.37,11.33,NA,NA,NA,NA,0.0273
1888,7,NA,14.21,15.27,9.53,NA,NA,NA,NA,0.0273
1888,8,NA,14.71,15.57,8.03,NA,NA,NA,NA,0.0273
1888,9,NA,13.21,13.47,8.03,NA,NA,NA,NA,0.0273
1888,10,NA,8.01,5.47,2.23,NA,NA,NA,NA,0.0273
1888,11,NA,5.51,3.87,0.93,NA,NA,NA,NA,0.0273
1888,12,NA,3.32,-1.63,0.33,NA,NA,NA,NA,0.0273
1889,1,NA,0.42,-2.83,-2.47,NA,NA,NA,NA,0.0273
1889,2,NA,1.02,-1.73,-3.97,NA,NA,NA,NA,0.0273
1889,3,NA,3.02,0.87,-1.97,NA,NA,NA,NA,0.0273
1889,4,NA,7.52,6.87,2.33,NA,NA,NA,NA,0.0273
1889,5,NA,15.72,14.37,9.33,NA,NA,NA,NA,0.0273
1889,6,NA,18.52,17.37,11.93,NA,NA,NA,NA,0.0273
1889,7,NA,15.52,17.17,12.73,NA,NA,NA,NA,0.0273
1889,8,NA,15.22,15.77,11.83,NA,NA,NA,NA,0.0273
1889,9,NA,12.42,11.77,8.93,NA,NA,NA,NA,0.0273
1889,10,NA,8.72,7.57,4.93,NA,NA,NA,NA,0.0273
1889,11,NA,4.82,2.57,2.63,NA,NA,NA,NA,0.0273
1889,12,NA,-1.07,-2.74,-0.07,NA,NA,NA,NA,0.0273
1890,1,NA,3.93,0.46,-1.87,NA,NA,NA,NA,0.0297
1890,2,NA,0.53,-3.74,0.73,NA,NA,NA,NA,0.0297
1890,3,NA,5.53,3.56,-1.97,NA,NA,NA,NA,0.0297
1890,4,NA,6.73,7.46,4.23,NA,NA,NA,NA,0.0297
1890,5,NA,13.33,14.06,8.73,NA,NA,NA,NA,0.0297
1890,6,NA,13.83,14.96,8.43,NA,NA,NA,NA,0.0297
1890,7,NA,14.93,15.96,10.43,NA,NA,NA,NA,0.0297
1890,8,NA,15.33,16.16,10.43,NA,NA,NA,NA,0.0297
1890,9,NA,14.43,12.46,7.43,NA,NA,NA,NA,0.0297
1890,10,NA,9.33,6.06,2.63,NA,NA,NA,NA,0.0297
1890,11,NA,4.63,2.76,0.93,NA,NA,NA,NA,0.0297
1890,12,NA,-5.06,-5.94,1.93,NA,NA,NA,NA,0.0297
1891,1,NA,-1.96,-5.74,-0.77,NA,NA,NA,NA,0.0311
1891,2,NA,2.14,-2.54,1.73,NA,NA,NA,NA,0.0311
1891,3,NA,3.74,3.36,-5.37,NA,NA,NA,NA,0.0311
1891,4,NA,6.24,6.06,2.73,NA,NA,NA,NA,0.0311
1891,5,NA,11.74,12.46,5.83,NA,NA,NA,NA,0.0311
1891,6,NA,15.34,15.96,11.63,NA,NA,NA,NA,0.0311
1891,7,NA,15.44,16.36,12.73,NA,NA,NA,NA,0.0311
1891,8,NA,14.94,15.76,10.03,NA,NA,NA,NA,0.0311
1891,9,NA,15.04,14.06,6.83,NA,NA,NA,NA,0.0311
1891,10,NA,10.74,9.46,5.43,NA,NA,NA,NA,0.0311
1891,11,NA,4.44,2.56,0.03,NA,NA,NA,NA,0.0311
1891,12,NA,3.35,0.95,-1.88,NA,NA,NA,NA,0.0311
1892,1,NA,0.45,-1.55,-4.08,NA,NA,NA,NA,0.0314
1892,2,NA,2.25,1.55,-7.18,NA,20.18,NA,NA,0.0314
1892,3,NA,1.95,1.05,-5.18,NA,20.18,NA,NA,0.0314
1892,4,NA,7.45,8.35,0.42,NA,18.98,NA,NA,0.0314
1892,5,NA,13.05,13.25,3.42,NA,17.48,NA,NA,0.0314
1892,6,NA,14.05,16.25,8.02,NA,15.88,NA,NA,0.0314
1892,7,NA,15.15,17.35,10.32,NA,14.98,NA,NA,0.0314
1892,8,NA,16.85,18.65,8.12,NA,14.88,NA,NA,0.0314
1892,9,NA,13.75,14.35,5.82,NA,14.18,NA,NA,0.0314
1892,10,NA,8.45,8.15,1.42,NA,15.28,NA,NA,0.0314
1892,11,NA,6.05,5.45,-2.08,NA,15.38,NA,NA,0.0314
1892,12,NA,1.06,-1.85,-5.38,NA,16.88,NA,NA,0.0314
1893,1,NA,-2.04,-6.25,-1.88,NA,17.68,NA,NA,0.031
1893,2,NA,3.76,2.05,-2.28,NA,18.58,NA,NA,0.031
1893,3,NA,6.56,5.55,-0.58,NA,19.18,NA,NA,0.031
1893,4,NA,9.96,11.95,5.12,NA,19.18,NA,NA,0.031
1893,5,NA,13.66,12.75,7.92,NA,18.38,NA,NA,0.031
1893,6,NA,15.66,16.25,10.92,NA,16.88,NA,NA,0.031
1893,7,NA,17.06,17.65,11.32,NA,15.88,NA,NA,0.031
1893,8,NA,17.56,18.45,11.32,NA,14.58,NA,NA,0.031
1893,9,NA,13.26,14.15,5.12,NA,14.48,NA,NA,0.031
1893,10,NA,10.56,9.85,2.32,NA,15.48,NA,NA,0.031
1893,11,NA,3.96,2.55,-0.88,NA,15.38,NA,NA,0.031
1893,12,NA,2.87,-0.96,-2.68,NA,17.18,NA,NA,0.031
1894,1,NA,1.27,-2.45,-3.08,NA,19.28,NA,NA,0.0321
1894,2,NA,3.37,1.04,-1.88,NA,19.68,NA,NA,0.0321
1894,3,NA,6.67,5.04,0.22,NA,19.78,NA,NA,0.0321
1894,4,NA,10.87,10.74,6.02,NA,18.88,NA,NA,0.0321
1894,5,NA,11.07,11.74,5.52,NA,17.88,NA,NA,0.0321
1894,6,NA,13.77,15.34,12.62,NA,16.28,NA,NA,0.0321
1894,7,NA,17.07,18.14,14.12,NA,15.88,NA,NA,0.0321
1894,8,NA,14.97,16.44,12.02,NA,14.68,NA,NA,0.0321
1894,9,NA,12.17,12.24,9.22,NA,15.28,NA,NA,0.0321
1894,10,NA,9.17,9.04,2.82,NA,16.28,NA,NA,0.0321
1894,11,NA,6.57,4.14,2.02,NA,16.88,NA,NA,0.0321
1894,12,NA,3.68,-0.86,-2.48,NA,18.58,NA,NA,0.0321
1895,1,NA,-0.82,-4.96,-2.88,NA,19.38,NA,NA,0.034
1895,2,NA,-3.62,-7.36,0.92,NA,20.08,NA,NA,0.034
1895,3,NA,3.38,1.94,-0.78,NA,20.18,NA,NA,0.034
1895,4,NA,8.78,9.44,-0.48,NA,19.78,NA,NA,0.034
1895,5,NA,12.58,12.24,8.42,NA,18.88,NA,NA,0.034
1895,6,NA,15.68,15.84,11.12,NA,16.48,NA,NA,0.034
1895,7,NA,16.38,18.24,11.02,NA,16.48,NA,NA,0.034
1895,8,NA,16.38,17.04,9.72,NA,15.98,NA,NA,0.034
1895,9,NA,15.88,16.94,8.82,NA,15.88,NA,NA,0.034
1895,10,NA,8.68,7.84,1.72,NA,16.08,NA,NA,0.034
1895,11,NA,6.28,6.14,0.02,NA,16.78,NA,NA,0.034
1895,12,NA,1.79,1.44,-2.68,NA,17.68,NA,NA,0.034
1896,1,NA,2.19,-1.96,-1.68,NA,19.08,NA,NA,0.0351
1896,2,NA,2.29,-1.76,0.92,NA,19.28,NA,NA,0.0351
1896,3,NA,6.69,6.64,-3.08,NA,20.28,NA,NA,0.0351
1896,4,NA,7.79,6.04,2.72,NA,20.18,NA,NA,0.0351
1896,5,NA,11.49,10.94,8.82,NA,18.28,NA,NA,0.0351
1896,6,NA,17.79,16.14,8.82,NA,17.48,NA,NA,0.0351
1896,7,NA,17.79,17.64,12.52,NA,15.98,NA,NA,0.0351
1896,8,NA,14.99,14.54,10.52,NA,14.38,NA,NA,0.0351
1896,9,NA,13.79,13.44,6.82,NA,15.68,NA,NA,0.0351
1896,10,NA,8.69,7.64,-0.18,NA,16.18,NA,NA,0.0351
1896,11,NA,2.59,1.74,0.42,NA,16.18,NA,NA,0.0351
1896,12,NA,2.1,-0.17,1.61,NA,16.68,NA,NA,0.0351
1897,1,NA,-1.1,-2.17,-1.29,NA,18.38,NA,NA,0.0368
1897,2,NA,3.2,4.13,-2.29,NA,19.88,NA,NA,0.0368
1897,3,NA,6.4,6.63,-0.89,NA,20.48,NA,NA,0.0368
1897,4,NA,7.7,8.23,4.11,NA,20.18,NA,NA,0.0368
1897,5,NA,11.5,10.53,5.01,NA,18.48,NA,NA,0.0368
1897,6,NA,16.9,17.93,8.31,NA,17.78,NA,NA,0.0368
1897,7,NA,16.8,18.03,13.41,NA,16.28,NA,NA,0.0368
1897,8,NA,17.7,17.03,10.41,NA,15.28,NA,NA,0.0368
1897,9,NA,13,12.63,7.61,NA,14.88,NA,NA,0.0368
1897,10,NA,9.2,7.13,5.61,NA,15.08,NA,NA,0.0368
1897,11,NA,4.5,3.03,0.71,NA,16.28,NA,NA,0.0368
1897,12,NA,2.71,-0.47,0.71,NA,17.28,NA,NA,0.0368
1898,1,NA,4.31,0.63,0.11,NA,18.48,NA,NA,0.0388
1898,2,NA,3.51,0.83,-3.79,NA,18.98,NA,NA,0.0388
1898,3,NA,3.21,3.33,-1.19,NA,19.08,NA,NA,0.0388
1898,4,NA,8.11,8.53,3.11,NA,18.48,NA,NA,0.0388
1898,5,NA,11.01,11.73,5.21,NA,16.78,NA,NA,0.0388
1898,6,NA,14.51,14.73,10.61,NA,15.48,NA,NA,0.0388
1898,7,NA,14.61,16.43,11.61,NA,14.58,NA,NA,0.0388
1898,8,NA,18.21,18.63,9.91,NA,14.68,NA,NA,0.0388
1898,9,NA,15.11,15.43,8.71,NA,14.68,NA,NA,0.0388
1898,10,NA,10.21,10.43,4.81,NA,14.68,NA,NA,0.0388
1898,11,NA,5.81,5.03,-0.19,NA,16.88,NA,NA,0.0388
1898,12,NA,5.62,0.72,-1.59,NA,17.38,NA,NA,0.0388
1899,1,NA,4.02,1.92,-2.59,NA,18.48,NA,NA,0.0424
1899,2,NA,3.22,3.02,-1.49,NA,19.68,NA,NA,0.0424
1899,3,NA,3.52,4.72,-4.09,NA,19.68,NA,NA,0.0424
1899,4,NA,7.62,7.82,-2.49,NA,18.98,NA,NA,0.0424
1899,5,NA,10.62,11.72,6.21,NA,17.88,NA,NA,0.0424
1899,6,NA,15.42,15.92,11.81,NA,16.68,NA,NA,0.0424
1899,7,NA,17.92,17.72,12.41,NA,15.48,NA,NA,0.0424
1899,8,NA,17.52,19.02,12.61,NA,15.18,NA,NA,0.0424
1899,9,NA,13.92,13.52,6.11,NA,14.88,NA,NA,0.0424
1899,10,NA,8.32,8.92,2.01,NA,15.18,NA,NA,0.0424
1899,11,NA,8.92,3.92,-1.39,NA,15.88,NA,NA,0.0424
1899,12,NA,-0.87,-2.58,-0.49,NA,16.38,NA,NA,0.0424
1900,1,NA,3.03,1.22,0.21,NA,17.68,NA,NA,0.0446
1900,2,NA,2.33,2.92,-3.99,NA,18.88,NA,NA,0.0446
1900,3,NA,2.53,0.52,-1.69,NA,19.28,NA,NA,0.0446
1900,4,NA,7.23,7.32,1.81,NA,18.98,NA,NA,0.0446
1900,5,NA,10.83,11.22,5.41,NA,18.68,NA,NA,0.0446
1900,6,NA,15.93,17.02,11.41,NA,16.98,NA,NA,0.0446
1900,7,NA,18.33,18.82,12.61,NA,15.78,NA,NA,0.0446
1900,8,NA,16.33,16.02,11.81,NA,14.78,NA,NA,0.0446
1900,9,NA,14.13,15.32,8.31,NA,15.38,NA,NA,0.0446
1900,10,NA,10.03,9.12,1.91,NA,15.98,NA,NA,0.0446
1900,11,NA,5.73,4.52,1.21,NA,16.88,NA,NA,0.0446
1900,12,NA,5.14,2.01,-2.7,NA,16.18,NA,NA,0.0446
1901,1,NA,-0.46,-1.76,0.8,NA,19.88,NA,NA,0.0461
1901,2,NA,-1.06,-4.82,-0.6,NA,21.28,NA,NA,0.0461
1901,3,NA,3.34,2.29,-0.4,NA,20.18,NA,NA,0.0461
1901,4,NA,8.94,8.34,0.4,NA,18.68,NA,NA,0.0461
1901,5,NA,12.04,13.12,7.6,NA,18.68,NA,NA,0.0461
1901,6,NA,14.54,16.22,10.2,NA,19.78,NA,NA,0.0461
1901,7,NA,18.54,18.02,13.6,NA,16.48,NA,NA,0.0461
1901,8,NA,16.54,16.29,10.6,NA,15.38,NA,NA,0.0461
1901,9,NA,14.54,13.99,10.8,NA,14.78,NA,NA,0.0461
1901,10,NA,10.14,8.1,1.6,NA,16.18,NA,NA,0.0461
1901,11,NA,5.14,0.92,0.5,NA,16.58,NA,NA,0.0461
1901,12,NA,2.75,0.02,-3,NA,17.08,NA,NA,0.0461
1902,1,NA,4.45,0.36,-5.2,NA,19.38,NA,NA,0.0472
1902,2,NA,-0.55,-0.65,-4.9,NA,20.88,NA,NA,0.0472
1902,3,NA,5.05,4.34,-3.4,NA,20.68,NA,NA,0.0472
1902,4,NA,8.35,10.28,-0.4,NA,19.88,NA,NA,0.0472
1902,5,NA,9.25,7.93,3.9,NA,19.48,NA,NA,0.0472
1902,6,NA,15.65,14.52,9.3,NA,17.18,NA,NA,0.0472
1902,7,NA,15.35,17.73,10.3,NA,15.58,NA,NA,0.0472
1902,8,NA,14.65,16.53,9.4,NA,14.68,NA,NA,0.0472
1902,9,NA,12.95,13.46,8.7,NA,14.98,NA,NA,0.0472
1902,10,NA,8.45,7.86,5.4,NA,16.08,NA,NA,0.0472
1902,11,NA,3.55,1.87,1.7,NA,16.18,NA,NA,0.0472
1902,12,NA,0.66,-1.87,1.1,NA,17.28,NA,NA,0.0472
1903,1,NA,2.76,-1.26,-1.9,NA,19.28,NA,NA,0.0515
1903,2,NA,5.46,1.93,-3.3,NA,19.58,NA,NA,0.0515
1903,3,NA,6.96,5.62,-3.1,NA,19.78,NA,NA,0.0515
1903,4,NA,5.46,4.5,0.2,NA,19.18,NA,NA,0.0515
1903,5,NA,12.66,12.56,NA,NA,18.28,NA,NA,0.0515
1903,6,NA,14.16,14.4,10.6,NA,15.28,NA,NA,0.0515
1903,7,NA,15.46,16.28,10.8,NA,14.78,NA,NA,0.0515
1903,8,NA,15.16,16.91,6.6,NA,14.48,NA,NA,0.0515
1903,9,NA,14.26,14.09,7.9,NA,14.28,NA,NA,0.0515
1903,10,NA,10.96,9.74,1.5,NA,14.18,NA,NA,0.0515
1903,11,NA,5.56,3.44,-0.6,NA,14.48,NA,NA,0.0515
1903,12,NA,0.66,-1.95,0.6,NA,16.28,NA,NA,0.0515
1904,1,NA,0.56,-3.06,-1.3,NA,17.18,NA,NA,0.0521
1904,2,NA,2.86,1.35,-1.9,NA,18.78,NA,NA,0.0521
1904,3,NA,3.56,4.08,-1.3,NA,19.98,NA,NA,0.0521
1904,4,NA,9.56,9.59,1.4,NA,19.28,NA,NA,0.0521
1904,5,NA,11.96,13.71,6.5,NA,17.78,NA,NA,0.0521
1904,6,NA,14.26,16.51,11.3,NA,16.48,NA,NA,0.0521
1904,7,NA,17.86,20.07,12.8,NA,15.48,NA,NA,0.0521
1904,8,NA,15.86,18.52,10.7,NA,14.58,NA,NA,0.0521
1904,9,NA,12.26,12.07,9.9,NA,14.68,NA,NA,0.0521
1904,10,NA,9.06,8.52,2.4,NA,15.38,NA,NA,0.0521
1904,11,NA,5.36,2.22,-1.6,NA,16.18,NA,NA,0.0521
1904,12,NA,3.87,0.4,-2.5,NA,16.78,NA,NA,0.0521
1905,1,NA,1.17,-3.59,-2.8,NA,17.98,NA,NA,0.0555
1905,2,NA,3.47,0.79,-3.69,NA,19.48,NA,NA,0.0555
1905,3,NA,5.87,4.68,1.9,NA,19.68,NA,NA,0.0555
1905,4,NA,6.47,7.96,0.8,NA,20.08,NA,NA,0.0555
1905,5,NA,11.77,11.1,6.5,NA,19.18,NA,NA,0.0555
1905,6,NA,16.77,16.74,12.2,NA,16.88,NA,NA,0.0555
1905,7,NA,17.87,20.43,11.4,NA,16.38,NA,NA,0.0555
1905,8,NA,15.87,17.24,9.6,NA,15.28,NA,NA,0.0555
1905,9,NA,12.77,13.93,7.5,NA,15.58,NA,NA,0.0555
1905,10,NA,6.37,4.02,1.3,NA,16.28,NA,NA,0.0555
1905,11,NA,3.67,2.92,-0.2,NA,17.18,NA,NA,0.0555
1905,12,NA,2.18,-0.73,-0.31,NA,17.48,NA,NA,0.0555
1906,1,NA,3.48,-0.37,-1.01,NA,18.38,NA,NA,0.058
1906,2,NA,2.28,-0.57,-4.01,NA,19.28,NA,NA,0.058
1906,3,NA,3.88,3.2,-1.81,NA,19.38,NA,NA,0.058
1906,4,NA,7.48,7.87,0.49,NA,18.98,NA,NA,0.058
1906,5,NA,12.38,12.78,2.49,NA,17.78,NA,NA,0.058
1906,6,NA,14.18,15.22,11.89,NA,16.68,NA,NA,0.058
1906,7,NA,16.88,17.98,10.49,NA,14.88,NA,NA,0.058
1906,8,NA,16.78,18.05,9.69,NA,14.58,NA,NA,0.058
1906,9,NA,13.28,13.57,8.99,NA,14.48,NA,NA,0.058
1906,10,NA,11.68,11.1,4.09,NA,15.18,NA,NA,0.058
1906,11,NA,7.78,4.59,-0.61,NA,15.48,NA,NA,0.058
1906,12,NA,0.09,-2.59,-3.7,NA,16.58,NA,NA,0.058
1907,1,NA,1.59,-1.96,-0.41,NA,17.08,NA,NA,0.0661
1907,2,NA,0.59,-2.48,-4.21,NA,19.18,NA,NA,0.0661
1907,3,NA,4.59,2.97,-2.11,NA,19.88,NA,NA,0.0661
1907,4,NA,7.49,6.84,2.69,NA,18.68,NA,NA,0.0661
1907,5,NA,12.49,13.04,5.29,NA,17.18,NA,NA,0.0661
1907,6,NA,13.59,15.48,6.99,NA,16.18,NA,NA,0.0661
1907,7,NA,13.79,15.49,9.99,NA,15.28,NA,NA,0.0661
1907,8,NA,15.09,17.78,7.29,NA,15.58,NA,NA,0.0661
1907,9,NA,13.59,14.5,6.39,NA,14.48,NA,NA,0.0661
1907,10,NA,11.19,10.14,1.69,NA,15.08,NA,NA,0.0661
1907,11,NA,5.69,4.14,-0.01,NA,15.38,NA,NA,0.0661
1907,12,NA,3,1.92,1.09,NA,15.88,NA,NA,0.0661
1908,1,NA,-1.3,-4.22,-0.01,NA,16.78,NA,NA,0.0635
1908,2,NA,3.6,0.43,-2.31,NA,18.18,NA,NA,0.0635
1908,3,NA,3.5,2.68,0.49,NA,18.68,NA,NA,0.0635
1908,4,NA,6,5.83,2.99,NA,17.88,NA,NA,0.0635
1908,5,NA,13,14.22,5.89,NA,16.98,NA,NA,0.0635
1908,6,NA,16.2,17.76,10.49,NA,15.58,NA,NA,0.0635
1908,7,NA,16.6,17.27,13.59,NA,14.78,NA,NA,0.0635
1908,8,NA,15.2,15.99,10.99,NA,14.18,NA,NA,0.0635
1908,9,NA,13.5,12.89,8.49,NA,14.58,NA,NA,0.0635
1908,10,NA,9.8,8.7,6.99,NA,14.78,NA,NA,0.0635
1908,11,NA,4.4,1.23,-0.31,NA,14.38,NA,NA,0.0635
1908,12,NA,1.01,-0.98,-0.71,NA,15.88,NA,NA,0.0635
1909,1,NA,0.71,-3.57,-1.91,NA,17.68,NA,NA,0.0661
1909,2,NA,0.51,-2.22,1.79,NA,18.28,NA,NA,0.0661
1909,3,NA,2.91,1.93,-2.21,NA,18.78,NA,NA,0.0661
1909,4,NA,8.51,9.53,3.89,NA,18.68,NA,NA,0.0661
1909,5,NA,11.21,11.81,5.59,NA,17.28,NA,NA,0.0661
1909,6,NA,13.11,14.38,12.99,NA,16.28,NA,NA,0.0661
1909,7,NA,14.71,15.38,10.89,NA,14.98,NA,NA,0.0661
1909,8,NA,16.21,16.72,10.19,NA,13.98,NA,NA,0.0661
1909,9,NA,13.11,13.34,8.79,NA,14.18,NA,NA,0.0661
1909,10,NA,11.01,10.42,0.59,NA,14.68,NA,NA,0.0661
1909,11,NA,4.41,2.05,0.59,NA,15.68,NA,NA,0.0661
1909,12,NA,3.12,1.5,-4.61,NA,17.78,NA,NA,0.0661
1910,1,NA,3.42,-0.2,-3.91,NA,18.28,NA,NA,0.0694
1910,2,NA,3.92,1.45,-3.11,NA,18.58,NA,NA,0.0694
1910,3,NA,5.12,4.41,0.89,NA,19.28,NA,NA,0.0694
1910,4,NA,7.82,7.53,-0.61,NA,19.18,NA,NA,0.0694
1910,5,NA,12.62,11,5.79,NA,18.08,NA,NA,0.0694
1910,6,NA,16.32,16.01,8.79,NA,15.98,NA,NA,0.0694
1910,7,NA,15.22,15.85,11.89,NA,15.48,NA,NA,0.0694
1910,8,NA,16.02,16.75,10.19,NA,14.38,NA,NA,0.0694
1910,9,NA,13.32,11.51,8.29,NA,14.78,NA,NA,0.0694
1910,10,NA,10.22,9.66,5.49,NA,14.28,NA,NA,0.0694
1910,11,NA,3.32,2.52,-4.11,NA,15.38,NA,NA,0.0694
1910,12,NA,5.63,1.83,-1.11,NA,16.58,NA,NA,0.0694
1911,1,NA,1.13,-4.35,-0.12,NA,18.28,NA,NA,0.0704
1911,2,NA,3.43,0.55,-2.72,NA,18.68,NA,NA,0.0704
1911,3,NA,5.03,4.47,0.08,NA,19.48,NA,NA,0.0704
1911,4,NA,7.13,7.29,1.58,NA,19.48,NA,NA,0.0704
1911,5,NA,13.93,12.77,8.48,NA,17.28,NA,NA,0.0704
1911,6,NA,14.73,15.44,9.48,NA,16.48,NA,NA,0.0704
1911,7,NA,18.53,20.42,12.08,NA,15.28,NA,NA,0.0704
1911,8,NA,19.33,20.81,10.18,NA,14.48,NA,NA,0.0704
1911,9,NA,14.43,15.98,6.48,NA,14.88,NA,NA,0.0704
1911,10,NA,9.43,8.65,4.68,NA,15.48,NA,NA,0.0704
1911,11,NA,5.83,4.95,0.28,NA,18.28,NA,NA,0.0704
1911,12,NA,5.14,1.54,1.08,NA,17.98,NA,NA,0.0704
1912,1,NA,1.94,-0.77,-0.42,NA,18.98,NA,NA,0.074
1912,2,NA,3.94,3.64,-3.71,NA,19.68,NA,NA,0.074
1912,3,NA,7.44,6.78,-1.72,NA,20.48,NA,NA,0.074
1912,4,NA,8.64,7.43,2.28,NA,19.88,NA,NA,0.074
1912,5,NA,11.64,13.18,7.28,NA,18.58,NA,NA,0.074
1912,6,NA,15.14,15.91,10.48,NA,17.08,NA,NA,0.074
1912,7,NA,18.34,16.48,12.18,NA,15.88,NA,NA,0.074
1912,8,NA,14.04,13.82,7.58,NA,15.68,NA,NA,0.074
1912,9,NA,10.64,8.68,8.78,NA,14.98,NA,NA,0.074
1912,10,NA,7.84,6.93,4.38,NA,15.48,NA,NA,0.074
1912,11,NA,5.44,1.28,-1.22,NA,16.28,NA,NA,0.074
1912,12,NA,5.35,0.42,-3.62,NA,17.18,NA,NA,0.074
1913,1,NA,2.25,-0.09,-0.22,NA,18.28,NA,NA,0.0802
1913,2,NA,3.35,0.76,-0.22,NA,20.48,NA,NA,0.0802
1913,3,NA,6.95,6.45,-3.21,NA,21.28,NA,NA,0.0802
1913,4,NA,8.65,7.73,3.58,NA,19.98,NA,NA,0.0802
1913,5,NA,12.65,12.11,6.78,NA,19.18,NA,NA,0.0802
1913,6,NA,14.25,15.07,9.78,NA,17.88,NA,NA,0.0802
1913,7,NA,14.75,14.52,13.48,NA,16.28,NA,NA,0.0802
1913,8,NA,15.25,16.01,11.08,NA,16.18,NA,NA,0.0802
1913,9,NA,13.85,13.02,8.48,NA,15.78,NA,NA,0.0802
1913,10,NA,10.95,9.71,2.38,NA,16.28,NA,NA,0.0802
1913,11,NA,8.35,6.45,-0.72,NA,17.28,NA,NA,0.0802
1913,12,NA,4.16,0.34,-1.02,NA,18.28,NA,NA,0.0802
1914,1,NA,-0.14,-4.79,0.58,NA,19.48,NA,NA,0.0727
1914,2,NA,5.56,1.51,-3.32,NA,19.88,NA,NA,0.0727
1914,3,NA,5.96,5.03,-4.42,NA,19.78,NA,NA,0.0727
1914,4,NA,10.06,10.36,-0.42,NA,19.18,NA,NA,0.0727
1914,5,NA,11.56,10.58,3.48,NA,17.88,NA,NA,0.0727
1914,6,NA,14.26,14.28,10.38,NA,16.88,NA,NA,0.0727
1914,7,NA,17.86,16.32,11.28,NA,15.98,NA,NA,0.0727
1914,8,NA,17.36,17.07,11.78,NA,15.38,NA,NA,0.0727
1914,9,NA,13.66,13.1,7.58,NA,15.68,NA,NA,0.0727
1914,10,NA,9.96,8.25,5.78,NA,16.28,NA,NA,0.0727
1914,11,NA,5.06,2.39,-2.32,NA,16.38,NA,NA,0.0727
1914,12,NA,4.97,2.3,-2.73,NA,17.28,NA,NA,0.0727
1915,1,NA,3.17,-0.43,-0.73,NA,19.68,NA,NA,0.0716
1915,2,NA,3.07,0.1,-3.13,NA,20.28,NA,NA,0.0716
1915,3,NA,4.07,2.48,-2.73,NA,20.98,NA,NA,0.0716
1915,4,NA,7.47,6.86,2.47,NA,20.08,NA,NA,0.0716
1915,5,NA,12.37,14.66,5.27,NA,18.98,NA,NA,0.0716
1915,6,NA,15.67,18.02,9.57,NA,17.18,NA,NA,0.0716
1915,7,NA,15.57,16.58,7.57,NA,14.88,NA,NA,0.0716
1915,8,NA,15.57,16.04,9.77,NA,14.88,NA,NA,0.0716
1915,9,NA,13.07,11.77,7.47,NA,15.38,NA,NA,0.0716
1915,10,NA,7.57,6.2,8.27,NA,15.98,NA,NA,0.0716
1915,11,NA,2.87,0.86,1.87,NA,16.88,NA,NA,0.0716
1915,12,NA,5.18,3.71,-3.22,NA,17.18,NA,NA,0.0716
1916,1,NA,5.98,2.93,-1.03,NA,19.28,NA,NA,0.0773
1916,2,NA,2.68,1.78,-0.43,NA,20.38,NA,NA,0.0773
1916,3,NA,4.38,4.53,-2.83,NA,19.58,NA,NA,0.0773
1916,4,NA,8.78,8.38,-0.53,NA,19.38,NA,NA,0.0773
1916,5,NA,13.08,13.59,4.37,NA,18.18,NA,NA,0.0773
1916,6,NA,12.18,13.36,10.67,NA,16.18,NA,NA,0.0773
1916,7,NA,15.28,16.62,13.17,NA,15.38,NA,NA,0.0773
1916,8,NA,16.38,16.54,11.57,NA,15.38,NA,NA,0.0773
1916,9,NA,13.28,11.65,7.87,NA,15.78,NA,NA,0.0773
1916,10,NA,10.28,8.89,4.17,NA,16.18,NA,NA,0.0773
1916,11,NA,5.88,3.38,-0.43,NA,16.88,NA,NA,0.0773
1916,12,NA,2.59,1.11,-4.13,NA,18.68,NA,NA,0.0773
1917,1,NA,-0.71,-2.66,-2.23,NA,19.28,NA,NA,0.0809
1917,2,NA,-1.51,-2.5,0.17,NA,20.58,NA,NA,0.0809
1917,3,NA,1.89,1.34,0.47,NA,20.38,NA,NA,0.0809
1917,4,NA,4.59,4.67,-2.83,NA,20.38,NA,NA,0.0809
1917,5,NA,14.69,15.74,5.57,NA,19.28,NA,NA,0.0809
1917,6,NA,18.29,18.35,8.47,NA,17.28,NA,NA,0.0809
1917,7,NA,16.69,17.28,13.17,NA,16.48,NA,NA,0.0809
1917,8,NA,16.19,16.76,10.27,NA,15.08,NA,NA,0.0809
1917,9,NA,14.59,16.02,5.77,NA,14.78,NA,NA,0.0809
1917,10,NA,8.09,7.11,-1.53,NA,15.18,NA,NA,0.0809
1917,11,NA,7.29,3.64,-1.53,NA,15.88,NA,NA,0.0809
1917,12,NA,0,-4.91,-4.43,NA,17.48,NA,NA,0.0809
1918,1,NA,2.8,-0.58,-12.53,NA,18.28,NA,NA,0.0797
1918,2,NA,4,0.4,-3.33,NA,19.48,NA,NA,0.0797
1918,3,NA,4.6,4.62,0.87,NA,19.18,NA,NA,0.0797
1918,4,NA,8.3,8.3,2.27,NA,19.78,NA,NA,0.0797
1918,5,NA,13.9,14.2,7.87,NA,17.88,NA,NA,0.0797
1918,6,NA,13.5,13.18,9.97,NA,16.28,NA,NA,0.0797
1918,7,NA,16.2,17.27,9.67,NA,15.48,NA,NA,0.0797
1918,8,NA,15.9,17.1,10.17,NA,15.98,NA,NA,0.0797
1918,9,NA,13.1,13.91,4.67,NA,15.88,NA,NA,0.0797
1918,10,NA,9.3,6.85,3.47,NA,16.68,NA,NA,0.0797
1918,11,NA,4.3,2.7,1.37,NA,16.78,NA,NA,0.0797
1918,12,NA,5.8,2.87,-2.33,NA,17.88,NA,NA,0.0797
1919,1,NA,1.9,0,-2.13,NA,18.68,NA,NA,0.0692
1919,2,NA,0.3,-0.62,-3.03,NA,19.88,NA,NA,0.0692
1919,3,NA,4.1,4.11,-5.73,NA,20.08,NA,NA,0.0692
1919,4,NA,6.3,4.85,0.17,NA,19.48,NA,NA,0.0692
1919,5,NA,13.8,11.96,6.77,NA,18.68,NA,NA,0.0692
1919,6,NA,14.4,15.99,10.77,NA,17.68,NA,NA,0.0692
1919,7,NA,13.9,14.67,13.67,NA,15.48,NA,NA,0.0692
1919,8,NA,16,18.93,9.57,NA,14.88,NA,NA,0.0692
1919,9,NA,14.4,16.04,6.37,NA,14.88,NA,NA,0.0692
1919,10,NA,7,5.56,3.17,NA,15.38,NA,NA,0.0692
1919,11,NA,1.8,1.52,-3.43,NA,16.18,NA,NA,0.0692
1919,12,NA,3.69,0.89,-1.13,NA,17.28,NA,NA,0.0692
1920,1,NA,4.19,2.26,-4.14,NA,19.18,NA,NA,0.0807
1920,2,NA,5.39,2.79,-2.14,NA,20.48,NA,NA,0.0807
1920,3,NA,7.29,6.73,-0.84,NA,20.88,NA,NA,0.0807
1920,4,NA,9.29,9.11,-0.44,NA,20.58,NA,NA,0.0807
1920,5,NA,12.89,15.18,5.16,NA,18.98,NA,NA,0.0807
1920,6,NA,15.79,15.33,11.36,NA,17.68,NA,NA,0.0807
1920,7,NA,16.19,17.48,11.36,NA,15.88,NA,NA,0.0807
1920,8,NA,14.09,15.64,11.46,NA,15.78,NA,NA,0.0807
1920,9,NA,13.19,13.96,9.16,NA,15.98,NA,NA,0.0807
1920,10,NA,8.19,8.19,2.96,NA,15.88,NA,NA,0.0807
1920,11,NA,3.19,1.5,3.26,NA,18.28,NA,NA,0.0807
1920,12,NA,2.09,-0.28,0.06,NA,19.78,NA,NA,0.0807
1921,1,NA,6.19,3.4,-4.14,NA,19.28,NA,NA,0.0708
1921,2,NA,3.09,0.93,3.26,NA,21.38,NA,NA,0.0708
1921,3,NA,6.69,5.99,-1.94,NA,21.78,NA,NA,0.0708
1921,4,NA,8.79,7.35,2.96,NA,21.18,NA,NA,0.0708
1921,5,NA,13.39,14.13,4.06,NA,19.88,NA,NA,0.0708
1921,6,NA,14.79,16.03,11.16,NA,18.48,NA,NA,0.0708
1921,7,NA,18.09,19.95,11.36,NA,15.88,NA,NA,0.0708
1921,8,NA,16.89,17.48,8.56,NA,14.98,NA,NA,0.0708
1921,9,NA,13.99,15.39,6.76,NA,15.28,NA,NA,0.0708
1921,10,NA,12.69,11.5,3.16,NA,16.28,NA,NA,0.0708
1921,11,NA,1.29,0.1,-0.24,NA,16.68,NA,NA,0.0708
1921,12,NA,3.19,-0.05,-1.44,NA,18.88,NA,NA,0.0708
1922,1,NA,0.39,-1.32,-0.24,NA,19.78,NA,NA,0.0743
1922,2,NA,1.69,-0.44,-0.04,NA,20.88,NA,NA,0.0743
1922,3,NA,4.19,4.95,-0.24,NA,19.38,NA,NA,0.0743
1922,4,NA,6.09,6.19,-0.34,NA,19.68,NA,NA,0.0743
1922,5,NA,13.39,14.29,3.36,NA,16.68,NA,NA,0.0743
1922,6,NA,15.19,16.52,7.96,NA,16.78,NA,NA,0.0743
1922,7,NA,15.09,16.16,9.26,NA,15.28,NA,NA,0.0743
1922,8,NA,14.89,16.85,9.36,NA,14.88,NA,NA,0.0743
1922,9,NA,12.59,11.33,5.36,NA,15.18,NA,NA,0.0743
1922,10,NA,6.49,6.13,3.06,NA,15.28,NA,NA,0.0743
1922,11,NA,4.89,1.61,0.36,NA,15.78,NA,NA,0.0743
1922,12,NA,4.59,-0.15,0.96,NA,17.88,NA,NA,0.0743
1923,1,NA,3.99,-0.96,-2.84,NA,19.18,NA,NA,0.0842
1923,2,NA,2.99,2.87,0.96,NA,20.38,NA,NA,0.0842
1923,3,NA,6.49,4.6,3.76,NA,20.88,NA,NA,0.0842
1923,4,NA,7.79,7.85,3.56,NA,19.48,NA,NA,0.0842
1923,5,NA,10.29,12.44,4.66,NA,18.58,NA,NA,0.0842
1923,6,NA,11.59,12.24,9.16,NA,18.98,NA,NA,0.0842
1923,7,NA,18.89,19.77,10.06,NA,15.18,NA,NA,0.0842
1923,8,NA,15.79,17.95,8.46,NA,14.78,NA,NA,0.0842
1923,9,NA,12.99,13.84,4.26,NA,15.38,NA,NA,0.0842
1923,10,NA,10.69,10.75,1.46,NA,15.18,NA,NA,0.0842
1923,11,NA,2.89,2.81,-3.34,NA,15.68,NA,NA,0.0842
1923,12,NA,0.39,-0.7,-2.25,NA,19.28,NA,NA,0.0842
1924,1,NA,0.09,-2.68,0.95,NA,19.38,NA,NA,0.0845
1924,2,NA,0.39,-2.59,-0.25,NA,20.28,NA,NA,0.0845
1924,3,NA,3.29,3.49,-3.15,NA,20.48,NA,NA,0.0845
1924,4,NA,6.59,7.73,-0.35,NA,19.38,NA,NA,0.0845
1924,5,NA,13.29,13.43,2.75,NA,18.48,NA,NA,0.0845
1924,6,NA,14.89,14.94,7.65,NA,17.08,NA,NA,0.0845
1924,7,NA,16.29,17.34,9.95,NA,15.58,NA,NA,0.0845
1924,8,NA,14.39,14.44,8.75,NA,15.78,NA,NA,0.0845
1924,9,NA,13.99,14.08,4.75,NA,16.08,NA,NA,0.0845
1924,10,NA,10.59,9.67,3.35,NA,15.88,NA,NA,0.0845
1924,11,NA,4.99,3.01,3.25,NA,18.08,NA,NA,0.0845
1924,12,NA,3.78,-0.49,0.15,NA,18.28,NA,NA,0.0845
1925,1,NA,3.78,1.16,0.25,NA,NA,NA,NA,0.0851
1925,2,NA,4.78,3.44,-3.05,NA,NA,NA,NA,0.0851
1925,3,NA,3.58,1.04,-0.15,NA,NA,NA,NA,0.0851
1925,4,NA,8.08,8.48,1.15,NA,NA,NA,NA,0.0851
1925,5,NA,13.78,12.9,5.45,NA,NA,NA,NA,0.0851
1925,6,NA,15.18,16.4,11.55,NA,NA,NA,NA,0.0851
1925,7,NA,18.38,17.48,12.15,NA,NA,NA,NA,0.0851
1925,8,NA,16.28,17,10.65,NA,NA,NA,NA,0.0851
1925,9,NA,11.78,11.67,7.05,NA,NA,NA,NA,0.0851
1925,10,NA,9.78,9.29,1.85,NA,NA,NA,NA,0.0851
1925,11,NA,2.78,1.56,1.35,NA,16.68,NA,NA,0.0851
1925,12,NA,1.38,-0.03,-3.95,NA,17.12,NA,NA,0.0851
1926,1,NA,2.18,-0.25,-0.25,NA,18.62,NA,NA,0.0836
1926,2,NA,6.28,4.93,0.85,NA,20.42,NA,NA,0.0836
1926,3,NA,5.78,4.76,-1.75,NA,19.62,NA,NA,0.0836
1926,4,NA,9.98,10.18,5.15,NA,19.32,NA,NA,0.0836
1926,5,NA,10.68,11.16,5.15,NA,17.92,NA,NA,0.0836
1926,6,NA,13.88,13.56,10.35,NA,16.42,NA,NA,0.0836
1926,7,NA,17.78,16.87,12.85,NA,15.32,NA,NA,0.0836
1926,8,NA,16.48,17.31,10.45,NA,14.72,NA,NA,0.0836
1926,9,NA,15.38,16.34,5.85,NA,14.32,NA,NA,0.0836
1926,10,NA,7.98,9.24,-0.75,NA,15.32,NA,NA,0.0836
1926,11,NA,6.68,5.23,-0.65,NA,15.12,NA,NA,0.0836
1926,12,NA,2.88,-1.49,-0.05,NA,16.42,NA,NA,0.0836
1927,1,NA,3.88,0.1,-3.25,NA,17.82,NA,NA,0.0913
1927,2,NA,2.78,0.04,0.55,NA,19.02,NA,NA,0.0913
1927,3,NA,6.58,5.3,0.95,NA,19.52,NA,NA,0.0913
1927,4,NA,7.78,8.61,0.25,NA,18.82,NA,NA,0.0913
1927,5,NA,11.38,13.66,6.25,NA,17.72,NA,NA,0.0913
1927,6,NA,13.18,15.93,9.55,NA,17.12,NA,NA,0.0913
1927,7,NA,17.08,18.04,13.25,NA,15.72,NA,NA,0.0913
1927,8,NA,16.88,16.64,9.55,NA,15.32,NA,NA,0.0913
1927,9,NA,14.08,14.23,6.25,NA,15.02,NA,NA,0.0913
1927,10,NA,10.38,8.79,1.95,NA,15.22,NA,NA,0.0913
1927,11,NA,4.08,3.51,0.85,NA,16.62,NA,NA,0.0913
1927,12,NA,-1.22,-1.73,-1.55,NA,17.92,NA,NA,0.0913
1928,1,NA,3.58,1.35,-2.55,NA,18.82,NA,NA,0.0909
1928,2,NA,4.78,2.66,-1.35,NA,19.82,NA,NA,0.0909
1928,3,NA,4.48,4.63,-0.35,NA,21.12,NA,NA,0.0909
1928,4,NA,8.28,8.17,3.95,NA,18.82,NA,NA,0.0909
1928,5,NA,10.88,10.36,7.95,NA,18.12,NA,NA,0.0909
1928,6,NA,13.98,16.11,7.05,NA,16.92,NA,NA,0.0909
1928,7,NA,17.18,21.08,10.45,NA,15.92,NA,NA,0.0909
1928,8,NA,16.08,18.64,10.25,NA,15.12,NA,NA,0.0909
1928,9,NA,12.68,13.67,8.95,NA,14.62,NA,NA,0.0909
1928,10,NA,9.78,8.85,3.65,NA,15.42,NA,NA,0.0909
1928,11,NA,7.68,5.1,1.35,NA,16.02,NA,NA,0.0909
1928,12,NA,2.28,-0.44,-0.46,13.94,16.42,NA,NA,0.0909
1929,1,NA,-1.42,-5.29,0.34,13.34,17.52,NA,NA,0.0975
1929,2,NA,-5.42,-6.98,1.74,12.24,18.92,NA,NA,0.0975
1929,3,NA,3.58,3.97,5.34,12.14,18.52,NA,NA,0.0975
1929,4,NA,5.48,6.31,3.14,13.24,18.82,NA,NA,0.0975
1929,5,NA,12.68,13.62,5.04,14.14,17.32,NA,NA,0.0975
1929,6,NA,13.78,16.95,7.64,16.34,16.02,NA,NA,0.0975
1929,7,NA,17.18,18.99,11.64,17.74,14.12,NA,NA,0.0975
1929,8,NA,16.18,17.21,8.34,19.44,14.02,NA,NA,0.0975
1929,9,NA,15.98,16.46,5.64,19.04,13.42,NA,NA,0.0975
1929,10,NA,10.18,9.8,0.24,17.24,15.42,NA,NA,0.0975
1929,11,NA,6.08,3.88,-1.26,16.04,16.62,NA,NA,0.0975
1929,12,NA,5.17,2.9,0.44,14.44,17.32,NA,NA,0.0975
1930,1,NA,4.67,1.03,-3.06,11.84,18.52,NA,NA,0.09
1930,2,NA,1.57,-0.29,1.14,11.84,19.02,NA,NA,0.09
1930,3,NA,4.77,5.27,-4.36,12.34,19.82,NA,NA,0.09
1930,4,NA,8.87,9.06,3.94,12.54,19.32,NA,NA,0.09
1930,5,NA,11.67,11.6,7.04,15.44,18.82,NA,NA,0.09
1930,6,NA,17.77,19.25,9.94,17.44,16.82,NA,NA,0.09
1930,7,NA,16.17,16.58,10.24,19.24,16.02,NA,NA,0.09
1930,8,NA,16.57,17.09,9.24,19.84,14.72,NA,NA,0.09
1930,9,NA,13.97,14.94,8.94,19.54,14.42,NA,NA,0.09
1930,10,NA,10.27,9.01,1.94,16.54,15.82,NA,NA,0.09
1930,11,NA,7.27,5.89,-2.86,15.14,16.52,NA,NA,0.09
1930,12,NA,2.17,0.44,0.04,13.14,17.92,NA,NA,0.09
1931,1,NA,2.57,-0.79,-3.06,12.74,18.62,NA,NA,0.0805
1931,2,NA,1.17,-1.41,-4.86,12.94,19.72,NA,NA,0.0805
1931,3,NA,2.37,1.09,-1.66,12.84,19.92,NA,NA,0.0805
1931,4,NA,7.27,7.28,3.54,12.74,19.12,NA,NA,0.0805
1931,5,NA,13.57,15.28,5.94,14.84,18.72,NA,NA,0.0805
1931,6,NA,15.27,18.26,8.24,15.84,17.12,NA,NA,0.0805
1931,7,NA,16.57,17.26,10.64,18.44,15.42,NA,NA,0.0805
1931,8,NA,15.77,15.58,12.84,20.04,14.92,NA,NA,0.0805
1931,9,NA,11.57,9.77,10.34,18.34,14.92,NA,NA,0.0805
1931,10,NA,8.87,7.86,3.44,17.74,14.82,NA,NA,0.0805
1931,11,NA,6.67,4.79,1.54,15.24,15.52,NA,NA,0.0805
1931,12,NA,3.27,-1.39,-0.96,14.14,17.42,NA,NA,0.0805
1932,1,NA,3.97,-0.48,-2.45,13.84,18.42,NA,NA,0.0726
1932,2,NA,1.47,-3.11,4.94,12.64,19.12,NA,NA,0.0726
1932,3,NA,3.07,1.92,1.24,12.74,19.32,NA,NA,0.0726
1932,4,NA,7.27,7.14,-0.86,12.84,19.12,NA,NA,0.0726
1932,5,NA,12.17,11.94,7.94,14.04,18.12,NA,NA,0.0726
1932,6,NA,14.97,15.08,11.84,16.94,16.52,NA,NA,0.0726
1932,7,NA,17.47,17.45,10.54,18.24,14.92,NA,NA,0.0726
1932,8,NA,18.87,19.9,12.24,19.54,14.92,NA,NA,0.0726
1932,9,NA,14.77,17.1,6.14,18.54,13.92,NA,NA,0.0726
1932,10,NA,9.27,9.23,1.74,16.64,14.32,NA,NA,0.0726
1932,11,NA,5.47,4.35,1.04,13.94,15.32,NA,NA,0.0726
1932,12,NA,3.47,-0.56,0.93,12.64,17.32,NA,NA,0.0726
1933,1,NA,0.07,-3.46,2.03,11.74,18.92,NA,NA,0.0765
1933,2,NA,2.77,0.36,-3.87,12.44,20.02,NA,NA,0.0765
1933,3,NA,6.77,5.63,0.63,13.14,20.52,NA,NA,0.0765
1933,4,NA,8.37,8.95,1.73,13.34,19.32,NA,NA,0.0765
1933,5,NA,12.07,11.44,10.13,14.74,18.52,NA,NA,0.0765
1933,6,NA,15.47,13.77,NA,16.64,16.52,NA,NA,0.0765
1933,7,NA,18.07,19.05,14.23,19.04,15.52,NA,NA,0.0765
1933,8,NA,17.37,18.83,11.53,19.94,15.32,NA,NA,0.0765
1933,9,NA,14.77,14.71,10.73,19.14,14.92,NA,NA,0.0765
1933,10,NA,9.87,9.63,2.43,17.04,15.62,NA,NA,0.0765
1933,11,NA,3.87,2.41,2.73,14.74,15.32,NA,NA,0.0765
1933,12,NA,-2.14,-4.92,3.33,12.84,17.12,NA,NA,0.0765
1934,1,NA,2.16,-1.21,-0.67,12.44,19.12,NA,NA,0.0832
1934,2,NA,3.36,-0.1,0.83,11.14,19.72,NA,NA,0.0832
1934,3,NA,4.76,4.25,-1.67,12.24,19.72,NA,NA,0.0832
1934,4,NA,10.26,11.55,2.93,11.64,19.32,NA,NA,0.0832
1934,5,NA,12.06,14.98,6.03,13.84,18.72,NA,NA,0.0832
1934,6,NA,15.86,16.65,12.13,16.24,17.52,NA,NA,0.0832
1934,7,NA,17.66,19.13,12.33,18.14,15.82,NA,NA,0.0832
1934,8,NA,16.16,16.72,11.13,20.04,15.62,NA,NA,0.0832
1934,9,NA,15.96,16.28,8.03,18.04,15.92,NA,NA,0.0832
1934,10,NA,11.26,9.35,2.23,17.14,15.72,NA,NA,0.0832
1934,11,NA,5.36,2.43,0.53,14.14,16.92,NA,NA,0.0832
1934,12,NA,7.16,3.4,1.33,13.84,17.92,NA,NA,0.0832
1935,1,NA,2.86,-2.47,1.73,12.44,19.72,NA,NA,0.0872
1935,2,NA,4.26,1.53,-6.27,12.24,20.52,NA,NA,0.0872
1935,3,NA,4.96,3.43,1.43,12.84,20.32,NA,NA,0.0872
1935,4,NA,7.86,7.41,1.13,13.44,19.62,NA,NA,0.0872
1935,5,NA,10.96,11.21,8.73,14.64,18.12,NA,NA,0.0872
1935,6,NA,16.46,18.05,9.33,15.64,16.52,NA,NA,0.0872
1935,7,NA,17.66,19.72,11.33,17.74,15.12,NA,NA,0.0872
1935,8,NA,17.16,16.66,10.23,19.04,15.22,NA,NA,0.0872
1935,9,NA,14.06,14.95,6.73,18.84,14.72,NA,NA,0.0872
1935,10,NA,9.66,8.67,1.43,16.64,16.12,NA,NA,0.0872
1935,11,NA,7.06,4.72,0.73,14.54,15.82,NA,NA,0.0872
1935,12,NA,2.56,-1.44,-2.77,14.14,17.12,NA,NA,0.0872
1936,1,NA,4.66,3.1,-6.17,12.64,18.82,NA,NA,0.0957
1936,2,NA,2.16,1,-4.07,11.24,18.92,NA,NA,0.0957
1936,3,NA,6.46,6.45,-1.37,11.34,19.12,NA,NA,0.0957
1936,4,NA,6.16,7.79,1.53,12.04,19.02,NA,NA,0.0957
1936,5,NA,12.96,13.22,9.33,13.64,17.22,NA,NA,0.0957
1936,6,NA,16.46,16.01,11.23,15.24,15.92,NA,NA,0.0957
1936,7,NA,16.36,16.97,12.13,18.44,15.32,NA,NA,0.0957
1936,8,NA,16.86,17.03,11.33,19.34,15.12,NA,NA,0.0957
1936,9,NA,14.06,14.3,8.53,19.24,15.32,NA,NA,0.0957
1936,10,NA,8.66,5.93,5.23,16.64,14.92,NA,NA,0.0957
1936,11,NA,5.16,3.65,0.83,14.64,15.72,NA,NA,0.0957
1936,12,NA,3.26,0.9,-4.27,12.64,17.92,NA,NA,0.0957
1937,1,NA,2.56,0.55,0.03,10.54,19.32,NA,NA,0.1023
1937,2,NA,4.76,3.13,-2.46,12.54,20.52,NA,NA,0.1023
1937,3,NA,3.36,3.35,-5.37,12.24,20.72,NA,NA,0.1023
1937,4,NA,8.76,8.44,3.43,13.24,20.02,NA,NA,0.1023
1937,5,NA,14.16,14.93,6.63,14.54,19.22,NA,NA,0.1023
1937,6,NA,15.66,17.63,10.33,16.94,17.32,NA,NA,0.1023
1937,7,NA,16.66,18.11,11.03,20.04,15.72,NA,NA,0.1023
1937,8,NA,17.36,17.86,11.13,20.54,15.42,NA,NA,0.1023
1937,9,NA,13.36,13.43,7.03,19.64,14.92,NA,NA,0.1023
1937,10,NA,10.86,8.98,3.43,16.24,15.32,NA,NA,0.1023
1937,11,NA,4.56,3.21,1.83,13.44,16.52,NA,NA,0.1023
1937,12,NA,1.56,-0.93,1.42,12.84,17.12,NA,NA,0.1023
1938,1,NA,3.96,0.31,-1.28,12.54,18.12,NA,NA,0.0962
1938,2,NA,3.36,0.24,1.02,11.94,19.62,NA,NA,0.0962
1938,3,NA,7.66,7.7,0.02,12.34,19.92,NA,NA,0.0962
1938,4,NA,6.86,6.08,5.62,13.64,19.12,NA,NA,0.0962
1938,5,NA,11.06,10.85,5.02,15.14,18.52,NA,NA,0.0962
1938,6,NA,15.36,17.37,7.62,18.14,17.12,NA,NA,0.0962
1938,7,NA,16.06,17.21,9.12,19.64,16.62,NA,NA,0.0962
1938,8,NA,17.86,17.33,11.22,20.54,15.92,NA,NA,0.0962
1938,9,NA,14.96,14.68,9.12,19.14,14.52,NA,NA,0.0962
1938,10,NA,9.46,9.03,3.92,18.04,14.52,NA,NA,0.0962
1938,11,NA,8.66,5.76,-0.08,15.44,15.72,NA,NA,0.0962
1938,12,NA,0.35,-2.68,0.72,13.54,16.62,NA,NA,0.0962
1939,1,NA,4.25,1.49,-3.48,12.84,18.52,NA,NA,0.1017
1939,2,NA,3.45,1.14,-0.68,12.94,19.52,NA,NA,0.1017
1939,3,NA,4.45,1.84,2.42,12.54,19.92,NA,NA,0.1017
1939,4,NA,9.15,10.05,2.92,13.94,19.32,NA,NA,0.1017
1939,5,NA,11.95,9.36,9.72,15.04,18.32,NA,NA,0.1017
1939,6,NA,16.25,15.91,12.02,17.64,17.92,NA,NA,0.1017
1939,7,NA,16.95,16.74,11.72,19.54,16.12,NA,NA,0.1017
1939,8,NA,17.55,17.62,13.22,20.14,15.72,NA,NA,0.1017
1939,9,NA,15.05,13.17,11.92,18.34,16.32,NA,NA,0.1017
1939,10,NA,7.55,7.31,6.52,15.94,15.72,NA,NA,0.1017
1939,11,NA,7.25,5.44,-1.08,14.14,16.62,NA,NA,0.1017
1939,12,NA,0.95,-1.86,-2.38,13.74,17.82,NA,NA,0.1017
1940,1,NA,-5.55,-6.48,-0.58,12.64,19.72,NA,NA,0.1111
1940,2,NA,-1.35,-0.35,-3.08,11.94,NA,NA,NA,0.1111
1940,3,NA,5.15,4.4,-2.47,13.14,20.62,NA,NA,0.1111
1940,4,NA,8.95,8.89,0.82,13.04,19.92,NA,NA,0.1111
1940,5,NA,13.15,12.46,8.02,13.74,18.02,NA,NA,0.1111
1940,6,NA,16.55,15.85,11.42,16.44,17.12,NA,NA,0.1111
1940,7,NA,15.75,16.48,10.82,18.94,16.32,NA,NA,0.1111
1940,8,NA,15.15,15.64,10.32,19.64,16.02,NA,NA,0.1111
1940,9,NA,12.85,13.86,6.32,18.74,15.32,NA,NA,0.1111
1940,10,NA,8.75,8.07,3.52,16.84,16.42,NA,NA,0.1111
1940,11,NA,6.65,4.7,-0.48,15.54,16.92,NA,NA,0.1111
1940,12,NA,0.65,-4.51,0.12,13.84,17.92,NA,NA,0.1111
1941,1,NA,-2.55,-3.84,-3.28,12.44,20.22,NA,NA,0.1137
1941,2,NA,1.55,1.13,-3.98,12.34,20.42,NA,NA,0.1137
1941,3,NA,4.65,5.27,-0.58,12.24,20.12,NA,NA,0.1137
1941,4,NA,6.75,6.33,3.62,13.14,19.12,NA,NA,0.1137
1941,5,NA,9.55,9.07,8.22,15.14,18.72,NA,NA,0.1137
1941,6,NA,16.75,16.49,11.42,17.84,16.92,NA,NA,0.1137
1941,7,NA,19.15,19.12,12.62,19.04,15.52,NA,NA,0.1137
1941,8,NA,14.95,15.96,10.22,20.04,15.32,NA,NA,0.1137
1941,9,NA,14.35,13.2,12.02,19.64,15.52,NA,NA,0.1137
1941,10,NA,9.65,7.67,5.82,17.14,16.02,NA,NA,0.1137
1941,11,NA,4.05,2.07,3.02,14.94,16.12,NA,NA,0.1137
1941,12,NA,4.65,-0.2,1.41,13.44,17.12,NA,NA,0.1137
1942,1,NA,-5.15,-5.89,0.61,12.64,18.32,NA,NA,0.1133
1942,2,NA,-4.25,-4.15,-0.99,12.54,19.42,NA,NA,0.1133
1942,3,NA,2.65,4.89,0.61,12.65,19.82,NA,NA,0.1133
1942,4,NA,9.25,9.14,3.41,13.55,19.92,NA,NA,0.1133
1942,5,NA,12.05,13,6.41,14.45,18.52,NA,NA,0.1133
1942,6,NA,14.35,16.19,9.41,17.45,17.02,NA,NA,0.1133
1942,7,NA,15.95,17.63,10.41,18.25,16.32,NA,NA,0.1133
1942,8,NA,17.85,17.75,11.21,20.35,15.22,NA,NA,0.1133
1942,9,NA,14.65,16.37,6.41,20.55,15.72,NA,NA,0.1133
1942,10,NA,11.85,11.72,0.71,17.65,15.92,NA,NA,0.1133
1942,11,NA,5.55,1.86,3.01,14.75,16.92,NA,NA,0.1133
1942,12,NA,4.15,0.02,0.01,13.55,17.22,NA,NA,0.1133
1943,1,NA,2.65,-0.69,-3.39,13.25,18.92,NA,NA,0.1154
1943,2,NA,4.35,2.56,-4.19,12.35,19.02,NA,NA,0.1154
1943,3,NA,6.35,6.78,-0.09,11.75,19.32,NA,NA,0.1154
1943,4,NA,10.45,9.91,1.91,14.05,18.82,NA,NA,0.1154
1943,5,NA,13.35,14.02,4.01,14.85,17.52,NA,NA,0.1154
1943,6,NA,14.35,15.04,8.41,18.55,16.52,NA,NA,0.1154
1943,7,NA,17.15,18.43,10.61,19.55,15.52,NA,NA,0.1154
1943,8,NA,16.75,19.8,6.81,21.05,14.72,NA,NA,0.1154
1943,9,NA,13.35,15.1,6.81,18.15,14.72,NA,NA,0.1154
1943,10,NA,10.35,10.82,2.41,15.75,14.92,NA,NA,0.1154
1943,11,NA,4.65,2.54,0.71,15.45,15.92,NA,NA,0.1154
1943,12,NA,1.24,-0.14,1.01,14.15,17.12,NA,NA,0.1154
1944,1,NA,5.14,1.34,-3.99,13.95,19.52,NA,NA,0.1174
1944,2,NA,1.74,-2.3,-0.99,12.65,21.12,NA,NA,0.1174
1944,3,NA,3.54,1.09,0.21,13.85,21.12,NA,NA,0.1174
1944,4,NA,9.44,10.31,1.41,14.45,20.82,NA,NA,0.1174
1944,5,NA,11.54,12.42,6.01,14.95,19.42,NA,NA,0.1174
1944,6,NA,14.04,14.83,9.51,17.65,16.92,NA,NA,0.1174
1944,7,NA,16.84,17.54,11.81,19.25,16.32,NA,NA,0.1174
1944,8,NA,19.24,20.78,10.81,20.55,15.12,NA,NA,0.1174
1944,9,NA,13.14,13.5,7.31,19.45,15.02,NA,NA,0.1174
1944,10,NA,9.44,8.26,3.21,17.45,15.92,NA,NA,0.1174
1944,11,NA,6.34,3.49,-1.19,16.15,16.52,NA,NA,0.1174
1944,12,NA,2.44,-1.33,-1.99,13.75,17.92,NA,NA,0.1174
1945,1,NA,-1.66,-6.14,-4.79,13.55,19.32,NA,NA,0.0976
1945,2,NA,5.94,3.47,-1.59,14.25,20.32,NA,NA,0.0976
1945,3,NA,7.24,6.03,2.81,14.85,20.22,NA,NA,0.0976
1945,4,NA,10.14,10.3,3.81,14.52,20.72,NA,NA,0.0976
1945,5,NA,13.54,15.07,6.41,15.22,18.92,NA,NA,0.0976
1945,6,NA,15.94,18.45,9.41,17.92,16.92,NA,NA,0.0976
1945,7,NA,17.74,19.22,13.01,19.22,15.72,NA,NA,0.0976
1945,8,NA,16.34,16.88,12.41,20.52,15.12,NA,NA,0.0976
1945,9,NA,14.44,15.02,9.41,19.32,16.32,NA,NA,0.0976
1945,10,NA,11.44,9.23,5.51,17.62,15.82,NA,NA,0.0976
1945,11,NA,4.84,1.73,3.41,14.72,17.22,NA,NA,0.0976
1945,12,NA,3.14,0.12,-1.29,14.52,18.52,NA,NA,0.0976
1946,1,NA,0.14,-2.86,1.61,12.42,19.12,NA,NA,0.1048
1946,2,NA,4.54,3.03,-1.39,14.02,19.62,NA,NA,0.1048
1946,3,NA,4.14,5.55,0.01,12.92,19.52,NA,NA,0.1048
1946,4,NA,10.24,11.37,2.71,13.92,19.12,-2.6,NA,0.1048
1946,5,NA,12.84,14.55,9.01,14.82,17.72,-4.1,NA,0.1048
1946,6,NA,13.84,15.36,7.41,17.82,16.92,-4.9,NA,0.1048
1946,7,NA,17.34,18.6,11.41,19.72,15.82,-9.1,NA,0.1048
1946,8,NA,15.64,17.06,9.81,20.42,14.92,-15.6,NA,0.1048
1946,9,NA,14.44,14.72,6.81,19.52,14.72,-9.7,NA,0.1048
1946,10,NA,9.24,7.83,8.01,16.82,16.22,-10.3,NA,0.1048
1946,11,NA,6.44,3.04,0.21,14.62,17.02,-4,NA,0.1048
1946,12,NA,-0.36,-2.05,1.5,13.82,17.92,0.3,NA,0.1048
1947,1,NA,-1.46,-4.02,2.8,11.32,18.92,0.9,NA,0.1175
1947,2,NA,-5.56,-2.75,-5.5,12.92,20.32,2,NA,0.1175
1947,3,NA,3.24,4.91,-5.3,13.42,20.22,0.9,NA,0.1175
1947,4,NA,8.94,11.49,0.2,14.32,19.72,-3.7,NA,0.1175
1947,5,NA,15.04,14.58,8.3,15.02,18.92,-8.89,NA,0.1175
1947,6,NA,17.44,18.3,10.2,17.12,16.42,-16.29,NA,0.1175
1947,7,NA,18.74,19.9,11.9,19.42,15.32,-7.7,NA,0.1175
1947,8,NA,19.74,20.5,13.3,20.02,15.42,-10.4,NA,0.1175
1947,9,NA,16.74,17.14,8.4,18.82,14.92,-10.2,NA,0.1175
1947,10,NA,9.24,8.99,4.6,18.52,15.62,-5.8,NA,0.1175
1947,11,NA,7.04,5.58,-2.3,18.22,16.62,-2.6,NA,0.1175
1947,12,NA,4.13,0.72,-1.5,16.82,17.92,-0.2,NA,0.1175
1948,1,NA,5.03,2.64,-0.8,15.02,20.12,1.3,NA,0.1239
1948,2,NA,2.93,1.16,1.8,13.32,21.32,-1.4,NA,0.1239
1948,3,NA,6.63,8.18,3.6,14.22,21.52,-3.4,NA,0.1239
1948,4,NA,9.93,9.61,1.17,13.62,20.32,-6.3,NA,0.1239
1948,5,NA,12.63,14.41,5.57,14.72,18.72,-11.4,NA,0.1239
1948,6,NA,15.23,15.63,9.77,18.02,17.92,-8.2,NA,0.1239
1948,7,NA,16.53,15.29,11.27,19.72,15.72,-14.2,NA,0.1239
1948,8,NA,16.33,17.27,11.67,20.92,15.92,-11.7,NA,0.1239
1948,9,NA,14.33,14.21,4.97,20.42,15.92,-13.3,NA,0.1239
1948,10,NA,9.63,10,2.17,19.02,15.52,-6.6,NA,0.1239
1948,11,NA,4.83,3.72,1.17,16.72,16.92,-5.8,NA,0.1239
1948,12,NA,3.43,-0.82,-0.23,14.12,18.52,0.8,NA,0.1239
1949,1,NA,3.63,-0.29,-3.2,13.12,20.12,1.3,NA,0.1184
1949,2,NA,3.73,1.18,0.49,13.62,22.72,-1.6,NA,0.1184
1949,3,NA,3.93,3.01,-0.68,13.02,22.12,NA,NA,0.1184
1949,4,NA,10.33,11.76,-1.01,14.52,21.12,NA,NA,0.1184
1949,5,NA,11.23,11.6,2.52,15.72,19.52,-11.6,NA,0.1184
1949,6,NA,14.33,16.11,10.5,18.92,17.02,-15.6,NA,0.1184
1949,7,NA,17.33,19.69,12.57,21.02,16.72,-11.9,NA,0.1184
1949,8,NA,17.03,18.66,10,21.42,15.92,-15.2,NA,0.1184
1949,9,NA,17.13,17,10.06,19.52,15.92,-10.9,NA,0.1184
1949,10,NA,11.33,11.11,3.47,17.62,16.12,-6.8,NA,0.1184
1949,11,NA,5.13,2.92,1.5,16.52,16.32,-5.2,NA,0.1184
1949,12,NA,4.33,2.36,-3.44,13.12,18.12,0.1,NA,0.1184
1950,1,NA,0.93,-1.06,1.73,12.62,19.32,0.8,NA,0.1349
1950,2,NA,5.43,3.19,-2.05,13.42,20.52,NA,NA,0.1349
1950,3,NA,6.43,5.62,0.21,13.32,20.12,NA,NA,0.1349
1950,4,NA,7.63,6.89,0.2,14.02,20.12,NA,NA,0.1349
1950,5,NA,12.73,14.55,7.24,15.52,18.72,NA,NA,0.1349
1950,6,NA,17.23,18.65,9.21,17.22,17.72,NA,NA,0.1349
1950,7,NA,17.23,20.24,11.78,19.92,15.52,NA,NA,0.1349
1950,8,NA,17.03,18.18,11.42,20.32,15.52,NA,NA,0.1349
1950,9,NA,13.33,13.59,6.76,20.22,15.12,NA,NA,0.1349
1950,10,NA,9.13,8.81,3.7,18.12,15.52,NA,NA,0.1349
1950,11,NA,5.83,4.09,-0.61,15.72,16.32,NA,NA,0.1349
1950,12,NA,-1.27,-2.38,-3.89,14.32,17.42,NA,NA,0.1349
1951,1,NA,3.93,0.88,-3.17,14.12,18.52,NA,NA,0.1451
1951,2,NA,3.83,1.9,-0.5,12.92,19.72,NA,NA,0.1451
1951,3,NA,3.93,3.19,-4.32,13.52,19.92,NA,NA,0.1451
1951,4,NA,7.13,7.98,-1.37,14.92,19.72,-0.8,NA,0.1451
1951,5,NA,12.03,11.8,8.13,16.32,18.32,-5.9,NA,0.1451
1951,6,NA,15.13,15.49,8.39,18.22,16.92,-13,NA,0.1451
1951,7,NA,16.83,17.96,11.04,19.72,15.92,-16.6,NA,0.1451
1951,8,NA,16.23,17.39,9.82,21.52,16.12,-10,NA,0.1451
1951,9,NA,15.13,14.91,8.13,20.72,15.72,-14.8,NA,0.1451
1951,10,NA,8.53,7.54,5.03,18.12,15.62,-5.4,NA,0.1451
1951,11,NA,8.33,6.03,-0.42,15.32,16.72,-1.8,NA,0.1451
1951,12,NA,4.23,-0.14,-0.98,14.33,17.52,1.3,NA,0.1451
1952,1,NA,2.43,-1.17,-3.18,12.83,19.32,1.5,NA,0.1471
1952,2,NA,2.43,-1.22,-0.29,13.93,20.72,0,NA,0.1471
1952,3,NA,4.93,5.02,-0.19,13.83,21.02,NA,NA,0.1471
1952,4,NA,10.53,10.53,1.12,13.93,20.32,NA,NA,0.1471
1952,5,NA,13.43,13.59,5.67,15.63,18.72,NA,NA,0.1471
1952,6,NA,15.03,17.16,6.45,17.93,17.22,NA,NA,0.1471
1952,7,NA,17.33,20.7,10.52,20.13,15.72,NA,NA,0.1471
1952,8,NA,16.93,19.1,9.31,20.93,15.52,NA,NA,0.1471
1952,9,NA,11.53,11.38,7.31,20.13,15.52,NA,NA,0.1471
1952,10,NA,8.23,8.42,5.44,18.43,15.92,NA,NA,0.1471
1952,11,NA,3.03,2.22,1.59,16.23,17.12,NA,NA,0.1471
1952,12,NA,1.42,-0.43,-0.27,16.14,17.62,NA,NA,0.1471
1953,1,NA,1.32,-3.15,-0.12,13.84,19.52,NA,NA,0.1513
1953,2,NA,2.42,-0.83,0.67,13.04,20.32,NA,NA,0.1513
1953,3,NA,5.02,6.01,2.31,13.64,21.22,NA,NA,0.1513
1953,4,NA,8.62,9.82,-2.05,14.24,20.12,NA,NA,0.1513
1953,5,NA,13.02,14.25,6.67,16.24,18.52,NA,NA,0.1513
1953,6,NA,15.72,14.86,12.13,18.24,17.22,NA,NA,0.1513
1953,7,NA,17.02,18.21,11.2,21.24,15.92,NA,NA,0.1513
1953,8,NA,16.42,17.68,11.26,22.24,15.62,NA,NA,0.1513
1953,9,NA,13.82,15.1,9.76,21.04,15.72,NA,NA,0.1513
1953,10,NA,11.72,10.35,4.13,17.84,16.42,NA,NA,0.1513
1953,11,NA,7.62,2.81,0.93,16.24,16.52,NA,NA,0.1513
1953,12,NA,5.22,1.25,2.97,13.15,17.62,NA,NA,0.1513
1954,1,NA,0.32,-3.28,1.67,13.25,19.12,NA,NA,0.1544
1954,2,NA,-0.38,-1.87,-0.13,12.85,19.52,NA,NA,0.1544
1954,3,NA,5.92,6.16,-0.15,13.95,20.32,NA,NA,0.1544
1954,4,NA,6.72,5.89,5.06,13.85,19.72,NA,NA,0.1544
1954,5,NA,13.12,11.52,7.44,15.45,17.92,NA,NA,0.1544
1954,6,NA,15.02,15.97,9.38,18.05,16.72,NA,NA,0.1544
1954,7,NA,14.22,15.54,9.88,19.35,15.22,NA,NA,0.1544
1954,8,NA,15.72,15.99,10.5,20.55,15.52,NA,NA,0.1544
1954,9,NA,13.42,14.73,4.31,20.75,15.12,NA,NA,0.1544
1954,10,NA,11.92,9.71,2.16,19.25,15.52,NA,NA,0.1544
1954,11,NA,6.82,4.44,1.88,15.35,15.92,NA,NA,0.1544
1954,12,NA,5.42,2.39,-2.34,14.05,17.32,NA,NA,0.1544
1955,1,NA,0.22,-0.73,-3.64,15.05,19.32,NA,NA,0.1693
1955,2,NA,0.22,0.2,-6.03,13.35,19.52,NA,NA,0.1693
1955,3,NA,1.92,2.1,-0.43,12.45,19.92,-1.1,NA,0.1693
1955,4,NA,8.62,8.17,5.04,14.25,18.92,-3.5,NA,0.1693
1955,5,NA,10.12,11.7,5.15,17.35,18.52,-5.8,NA,0.1693
1955,6,NA,14.42,15.95,10.06,17.85,16.52,-12.9,NA,0.1693
1955,7,NA,17.72,17.6,13.4,20.45,14.92,-9.6,NA,0.1693
1955,8,NA,17.82,16.74,12.69,21.25,14.52,-10.2,NA,0.1693
1955,9,NA,14.42,13.96,7.77,20.85,14.42,-7.6,NA,0.1693
1955,10,NA,9.72,8.16,1.38,18.25,14.82,-5.5,NA,0.1693
1955,11,NA,6.72,2.18,2.42,14.95,16.12,-4.8,NA,0.1693
1955,12,NA,4.72,3.04,-4.46,15.06,16.82,-0.3,NA,0.1693
1956,1,NA,2.12,1.53,-4.24,12.76,18.92,1.7,NA,0.1803
1956,2,NA,-6.48,-8.97,2.87,13.06,19.12,-0.2,NA,0.1803
1956,3,NA,5.62,4.34,3.16,12.96,19.72,-2.09,NA,0.1803
1956,4,NA,5.82,6.8,2.09,14.26,18.82,-1.5,NA,0.1803
1956,5,NA,12.12,12.75,6.45,15.86,18.52,-1.7,NA,0.1803
1956,6,NA,12.72,13.45,8.03,17.26,16.82,-4.3,NA,0.1803
1956,7,NA,16.12,17.25,10.3,20.26,15.52,-9.39,NA,0.1803
1956,8,NA,14.12,15.44,8.35,20.86,15.52,-5.6,NA,0.1803
1956,9,NA,14.82,15.37,8.63,19.96,15.32,-7.8,NA,0.1803
1956,10,NA,9.82,7.78,4.32,18.26,14.92,-3.9,NA,0.1803
1956,11,NA,5.12,1.42,5.28,15.66,15.52,-1.7,NA,0.1803
1956,12,NA,5.22,0.53,1.03,14.07,17.92,-0.2,NA,0.1803
1957,1,NA,3.52,-1.55,0.57,13.47,19.52,1.7,NA,0.1862
1957,2,NA,5.15,4.1,-3.73,12.37,20.92,0.5,NA,0.1862
1957,3,NA,8.45,8.47,-1.29,13.87,20.92,-2.3,NA,0.1862
1957,4,NA,8.75,8.39,4.97,13.27,20.12,-2.7,NA,0.1862
1957,5,NA,10.15,9.75,6.58,15.77,19.22,-8.39,NA,0.1862
1957,6,NA,16.05,16.65,9.2,17.67,17.32,-19.9,NA,0.1862
1957,7,NA,17.45,17.79,10.84,18.87,16.52,-17.79,NA,0.1862
1957,8,NA,15.55,16.26,11.03,21.07,15.32,-15.6,NA,0.1862
1957,9,NA,12.75,13.58,6.33,20.77,15.12,-6,NA,0.1862
1957,10,NA,10.75,9.02,3.24,18.47,15.12,-10.9,NA,0.1862
1957,11,NA,6.45,3.2,1.96,15.87,16.32,-1.7,NA,0.1862
1957,12,NA,3.24,0.11,-1.49,14.07,17.92,-1.2,NA,0.1862
1958,1,NA,2.34,-0.57,-3.75,13.67,19.62,0.7,NA,0.1914
1958,2,NA,3.94,3.38,-5.64,13.77,20.62,-0.5,NA,0.1914
1958,3,NA,2.34,0.72,-2.21,14.67,20.42,-3.8,NA,0.1914
1958,4,NA,6.44,5.59,3.67,13.67,19.62,-6.3,NA,0.1914
1958,5,NA,12.14,14.62,3.12,15.47,17.92,-13.6,NA,0.1914
1958,6,NA,14.54,15.12,9.65,18.27,16.92,-18,NA,0.1914
1958,7,NA,16.54,18.14,10.42,19.67,16.32,-17.7,NA,0.1914
1958,8,NA,17.14,18.25,8.24,20.17,15.52,-19.6,NA,0.1914
1958,9,NA,15.64,16,11.33,19.77,15.52,-14.9,NA,0.1914
1958,10,NA,10.94,8.17,5.31,18.87,15.62,-6.2,NA,0.1914
1958,11,NA,4.94,3.08,3.41,15.67,16.92,-0.8,NA,0.1914
1958,12,NA,4.64,1.89,-1.31,13.48,18.92,-1.4,NA,0.1914
1959,1,NA,1.74,-0.31,-5.89,12.88,20.12,-1.3,315.58,0.2014
1959,2,NA,0.84,1.77,2.09,12.18,21.32,-4.3,316.49,0.2014
1959,3,NA,6.94,7.44,3.3,12.28,21.52,-2.5,316.65,0.2014
1959,4,NA,9.74,9.66,0.85,13.88,20.52,NA,317.72,0.2014
1959,5,NA,13.24,13.36,8.29,15.68,18.52,-15.7,318.29,0.2014
1959,6,NA,16.14,16.47,9.42,18.48,17.42,-7.9,318.15,0.2014
1959,7,NA,18.44,19.66,11.68,19.28,16.12,-23.1,316.54,0.2014
1959,8,NA,17.74,17.53,9.76,20.78,15.72,-13.6,314.8,0.2014
1959,9,NA,15.54,15.38,9.9,20.28,15.52,-12.3,313.84,0.2014
1959,10,NA,11.34,8.94,7.07,17.68,15.52,-4.9,313.33,0.2014
1959,11,NA,5.04,1.84,0.26,15.48,16.02,-5.3,314.81,0.2014
1959,12,NA,4.24,2.2,-0.97,14.59,17.72,0.3,315.58,0.2014
1960,1,NA,2.64,-0.52,-0.65,13.49,18.92,NA,316.43,0.2135
1960,2,NA,3.04,2.1,-2.27,12.19,20.52,NA,316.98,0.2135
1960,3,NA,5.84,6.32,0.63,12.89,21.12,NA,317.58,0.2135
1960,4,NA,9.14,8.46,3.78,14.39,19.92,NA,319.03,0.2135
1960,5,NA,12.94,14.03,8.39,15.69,19.12,NA,320.03,0.2135
1960,6,NA,16.24,17.08,11.51,17.99,17.22,NA,319.58,0.2135
1960,7,NA,15.34,15.73,11.19,20.69,16.52,NA,318.18,0.2135
1960,8,NA,15.74,17.14,9.72,21.59,15.72,NA,315.9,0.2135
1960,9,NA,13.64,12.56,8.9,20.29,16.02,NA,314.17,0.2135
1960,10,NA,10.84,9.05,2.46,18.09,15.72,NA,313.83,0.2135
1960,11,NA,7.54,6.23,2.46,15.99,17.02,NA,315,0.2135
1960,12,NA,3.34,0.15,-0.79,13.29,17.02,NA,316.19,0.2135
1961,1,NA,2.14,-0.61,0.27,14.09,18.52,NA,316.89,0.2141
1961,2,NA,6.04,5.37,-0.74,14.29,19.82,NA,317.7,0.2141
1961,3,NA,7.24,7,-0.06,13.99,19.92,NA,318.54,0.2141
1961,4,NA,10.54,11.77,-0.32,16.09,19.32,NA,319.48,0.2141
1961,5,NA,11.04,11.46,9.07,15.69,18.12,NA,320.58,0.2141
1961,6,NA,15.64,16.52,8.41,18.29,17.12,NA,319.77,0.2141
1961,7,NA,15.54,16.52,11.04,19.69,16.12,NA,318.56,0.2141
1961,8,NA,15.94,17.04,10.63,21.39,15.72,NA,316.79,0.2141
1961,9,NA,16.54,18.25,8.81,20.09,15.72,NA,314.99,0.2141
1961,10,NA,11.34,10.75,4.92,18.29,15.52,NA,315.31,0.2141
1961,11,NA,4.84,3.69,1.09,16.19,16.72,NA,316.1,0.2141
1961,12,NA,1.83,0.62,-3.43,14.5,16.82,NA,317.01,0.2141
1962,1,NA,3.63,1.25,-0.28,12.6,18.62,NA,317.94,0.2217
1962,2,NA,2.93,-0.14,-0.84,13.1,20.22,NA,318.55,0.2217
1962,3,NA,2.13,1.2,-4.21,14.1,20.62,NA,319.68,0.2217
1962,4,NA,7.93,8.86,3.73,14.1,20.22,NA,320.57,0.2217
1962,5,NA,9.73,10.64,6.79,15.3,18.82,-3.2,321.02,0.2217
1962,6,NA,14.13,15.13,9.38,17.9,17.72,-9,320.62,0.2217
1962,7,NA,15.13,16.96,11.32,19.9,16.12,-10.2,319.61,0.2217
1962,8,NA,15.33,18.77,9.51,20.3,15.22,-9.3,317.4,0.2217
1962,9,NA,13.13,13.98,7.29,19.9,14.92,-9.2,316.24,0.2217
1962,10,NA,10.93,9.76,4.69,17.3,15.32,-3.7,315.42,0.2217
1962,11,NA,4.43,1.88,-0.42,15.3,16.12,-3.2,316.69,0.2217
1962,12,NA,-0.57,-3.86,-0.9,14.21,17.22,-0.3,317.7,0.2217
1963,1,NA,-5.17,-6.31,-3.03,12.61,19.22,0.1,318.74,0.2335
1963,2,NA,-3.27,-3.98,-1.38,12.51,20.72,0.3,319.07,0.2335
1963,3,NA,4.33,3.4,3.03,13.11,21.12,-3.7,319.86,0.2335
1963,4,NA,9.03,9.32,2.62,14.71,20.92,-7.4,321.38,0.2335
1963,5,NA,11.13,11.64,5.07,15.71,18.92,-5.6,322.24,0.2335
1963,6,NA,15.83,15.96,11.04,17.61,17.22,-7.7,321.49,0.2335
1963,7,NA,16.53,18.72,9.75,20.21,16.12,-10.2,319.74,0.2335
1963,8,NA,15.53,16.31,9.34,21.01,15.32,-19.1,317.77,0.2335
1963,9,NA,14.13,14.68,5.73,20.41,16.02,-10.5,316.21,0.2335
1963,10,NA,9.83,9.08,4.02,18.91,15.92,-8.7,315.99,0.2335
1963,11,NA,8.63,7.36,-2.73,15.21,18.02,-2.5,317.07,0.2335
1963,12,NA,-0.87,-3.24,-0.11,12.91,19.02,0.7,318.35,0.2335
1964,1,NA,0.83,-3.64,1.63,12.41,20.12,1,319.57,0.2462
1964,2,NA,3.63,1.96,1.96,13.21,21.12,0,320.04,0.2462
1964,3,NA,2.73,2.45,5.65,12.81,20.72,-2.3,320.75,0.2462
1964,4,NA,8.73,9.6,3.7,14.01,20.12,-7.7,321.84,0.2462
1964,5,NA,14.23,14.16,7.54,16.11,19.12,-9.5,322.25,0.2462
1964,6,NA,15.23,17.26,10.46,16.31,17.52,-11.6,321.89,0.2462
1964,7,NA,16.63,19.69,11.84,18.91,16.72,-6,320.44,0.2462
1964,8,NA,15.83,16.96,NA,20.01,14.52,-20.1,318.69,0.2462
1964,9,NA,13.93,14.64,NA,19.91,14.92,-9.6,316.71,0.2462
1964,10,NA,7.73,7.44,NA,18.31,15.12,-3.1,316.87,0.2462
1964,11,NA,6.23,4.67,NA,17.31,16.32,-1.1,317.68,0.2462
1964,12,NA,2.33,-0.91,NA,15.02,17.92,0,318.71,0.2462
1965,1,NA,2.63,0.58,NA,14.42,19.92,0.9,319.44,0.2572
1965,2,NA,2.13,-2.7,NA,13.42,21.32,0.6,320.44,0.2572
1965,3,NA,4.43,3.98,NA,14.42,20.82,1.1,320.89,0.2572
1965,4,NA,7.73,6.76,NA,15.12,19.62,-3.3,322.14,0.2572
1965,5,NA,11.93,11.58,NA,16.82,18.92,-4,322.17,0.2572
1965,6,NA,14.83,16.22,NA,18.82,16.72,-7.5,321.87,0.2572
1965,7,NA,14.93,16.23,NA,19.92,15.92,-13.1,321.21,0.2572
1965,8,NA,15.13,16.3,NA,21.12,15.72,-12.1,318.87,0.2572
1965,9,NA,12.63,12.49,NA,21.02,15.82,-5.9,317.82,0.2572
1965,10,NA,9.83,8.81,NA,17.42,15.72,-8.8,317.3,0.2572
1965,11,NA,2.83,2.93,NA,14.42,16.62,-2,318.87,0.2572
1965,12,NA,4.53,2.27,-5.12,14.93,17.82,-0.8,319.42,0.2572
1966,1,NA,0.53,-2.66,-3.52,14.13,18.92,0.2,320.62,0.2698
1966,2,NA,4.23,5.83,-5.77,12.43,20.12,-0.4,321.6,0.2698
1966,3,NA,5.23,3.75,-2.77,13.83,20.12,-1.8,322.39,0.2698
1966,4,NA,8.43,10.2,1.97,14.83,20.72,-5.9,323.7,0.2698
1966,5,NA,13.03,13.3,4.98,15.53,19.72,-6.1,324.08,0.2698
1966,6,NA,16.93,16.95,11.16,17.13,17.92,-8.7,323.75,0.2698
1966,7,NA,15.73,15.93,11.38,19.43,16.22,-16,322.37,0.2698
1966,8,NA,15.93,15.53,9.92,21.53,15.32,-12,320.36,0.2698
1966,9,NA,13.93,15.38,7.46,20.03,15.12,-10.3,318.64,0.2698
1966,10,NA,11.33,12.25,1.74,18.23,16.32,-6.7,318.1,0.2698
1966,11,NA,4.43,2.17,-0.5,15.33,16.72,-2.09,319.78,0.2698
1966,12,NA,4.52,1.39,-2.79,14.94,18.92,-0.6,321.02,0.2698
1967,1,NA,3.12,0.02,-0.81,14.24,20.52,0,322.33,0.2783
1967,2,NA,5.22,2.58,0.86,13.34,21.02,-2.09,322.5,0.2783
1967,3,NA,6.82,5.94,-6.02,14.74,20.52,-1.5,323.03,0.2783
1967,4,NA,7.52,7.29,1.77,14.74,18.92,-2.9,324.41,0.2783
1967,5,NA,12.82,12.64,3.63,15.04,17.32,-8.7,325,0.2783
1967,6,NA,14.52,14.93,9.89,18.14,15.92,-8,324.09,0.2783
1967,7,NA,18.22,19.74,8.59,19.94,15.52,-8.2,322.54,0.2783
1967,8,NA,16.62,17.43,10.35,20.94,14.72,-8.5,320.92,0.2783
1967,9,NA,14.32,13.95,8.81,20.94,15.42,-9.89,319.25,0.2783
1967,10,NA,12.02,12.65,1.63,19.34,14.82,-7.5,319.39,0.2783
1967,11,NA,5.22,3.93,-0.69,15.74,17.42,-3.8,320.73,0.2783
1967,12,NA,3.52,-1.41,-2.11,15.84,19.22,-0.1,321.96,0.2783
1968,1,NA,2.32,-1.2,-3.98,14.34,19.92,0,322.57,0.2935
1968,2,NA,1.52,1.83,-4.18,13.04,20.52,-0.7,323.15,0.2935
1968,3,NA,6.12,4.96,-2.98,12.84,20.22,-1.5,323.89,0.2935
1968,4,NA,9.22,9.83,0.77,13.74,19.82,-1.6,325.02,0.2935
1968,5,NA,10.92,11.98,4.31,16.04,18.32,-5.4,325.57,0.2935
1968,6,NA,15.32,15.91,8.09,17.44,17.12,NA,325.36,0.2935
1968,7,NA,16.32,17.23,11.87,18.74,15.72,-8.1,324.14,0.2935
1968,8,NA,17.12,15.91,10.86,21.34,15.62,-13.1,322.11,0.2935
1968,9,NA,14.52,13.48,8.61,20.14,16.02,-12.4,320.33,0.2935
1968,10,NA,11.92,11.35,-0.02,18.04,16.22,-5.4,320.25,0.2935
1968,11,NA,5.32,3.59,2.73,14.74,17.32,-3.2,321.32,0.2935
1968,12,NA,0.12,-1.42,-1.87,13.55,18.62,-0.1,322.89,0.2935
1969,1,NA,4.72,-0.04,-3.28,13.45,19.32,0.2,324,0.313
1969,2,NA,0.32,-0.78,-6.01,12.15,20.92,-0.9,324.41,0.313
1969,3,NA,2.62,3.83,-3.09,13.25,20.92,-4.9,325.63,0.313
1969,4,NA,8.22,7.46,0.29,13.85,20.72,-6.4,326.66,0.313
1969,5,NA,13.22,13.81,4.72,14.35,19.02,-12.3,327.38,0.313
1969,6,NA,15.62,13.76,10.54,17.35,17.42,-18.4,326.71,0.313
1969,7,NA,18.62,18.68,10.07,19.45,16.12,-15.5,325.88,0.313
1969,8,NA,18.22,16.53,12.27,20.55,15.72,-10.7,323.66,0.313
1969,9,NA,15.42,15.25,6.56,19.85,15.52,-6.1,322.38,0.313
1969,10,NA,13.12,10.48,3.41,17.75,15.92,-9,321.78,0.313
1969,11,NA,6.82,4.82,-3.07,15.15,17.02,-3.5,322.85,0.313
1969,12,NA,-1.28,-4.37,-1.06,13.36,16.72,0.6,324.11,0.313
1970,1,NA,0.72,-0.98,-1.35,12.96,18.32,-0.2,325.06,0.3389
1970,2,NA,1.22,0.44,-4.2,12.26,19.32,-0.8,325.99,0.3389
1970,3,NA,3.32,1.93,-4.47,12.66,19.42,-2.2,326.93,0.3389
1970,4,NA,6.22,6.06,0.7,14.76,19.52,NA,328.13,0.3389
1970,5,NA,13.12,11.19,5.59,15.66,18.72,-8.8,328.08,0.3389
1970,6,NA,17.62,17.47,10.73,17.16,16.52,-8.8,327.67,0.3389
1970,7,NA,15.82,17.32,7.76,20.06,16.32,-5.3,326.34,0.3389
1970,8,NA,16.92,17.59,9.99,21.26,15.32,-11,324.68,0.3389
1970,9,NA,14.32,15.03,6.74,20.66,14.52,-3.8,323.1,0.3389
1970,10,NA,10.72,9.07,2.83,18.66,15.32,-2.4,323.06,0.3389
1970,11,NA,7.52,5.56,-1.16,16.36,16.22,-0.6,324.01,0.3389
1970,12,NA,2.52,-1.12,1.2,13.96,17.82,0.8,325.13,0.3389
1971,1,NA,2.42,-1.58,-5.33,13.26,19.12,1.5,326.17,0.3526
1971,2,NA,3.92,-0.07,-0.84,12.66,20.52,0.5,326.69,0.3526
1971,3,NA,2.82,0.81,-0.27,13.56,20.12,-0.5,327.18,0.3526
1971,4,NA,8.22,10.79,1.99,13.66,19.62,-1.9,327.78,0.3526
1971,5,NA,13.82,14.45,6.49,14.86,18.72,-5.2,328.93,0.3526
1971,6,NA,14.02,14.44,8.55,17.06,16.92,-3.1,328.57,0.3526
1971,7,NA,17.32,19.12,10.64,19.36,15.72,-5.8,327.36,0.3526
1971,8,NA,17.22,18.56,9.95,20.16,15.42,-6.8,325.43,0.3526
1971,9,NA,13.42,13.49,7.37,19.66,15.32,-5.6,323.36,0.3526
1971,10,NA,10.62,10.8,2.86,18.86,15.72,-2.6,323.56,0.3526
1971,11,NA,5.82,3.19,-0.66,16.16,16.12,-1.4,324.8,0.3526
1971,12,NA,5.51,1.43,-2.07,15.07,16.52,0.7,326.01,0.3526
1972,1,NA,0.61,-0.15,2.7,12.37,19.22,2,326.77,0.369
1972,2,NA,3.71,3.68,0.97,11.77,20.22,1.1,327.63,0.369
1972,3,NA,6.31,7.2,1.96,12.47,20.52,-0.5,327.75,0.369
1972,4,NA,7.81,7.7,2.71,14.97,20.02,-2.7,329.72,0.369
1972,5,NA,11.91,11.72,8.03,15.97,18.62,-3.8,330.07,0.369
1972,6,NA,13.51,14.41,8.38,17.97,16.82,-6.9,329.09,0.369
1972,7,NA,17.31,17.32,11.38,21.27,16.12,-5.3,328.04,0.369
1972,8,NA,15.61,16.35,9.92,21.17,15.52,-10.6,326.32,0.369
1972,9,NA,12.01,11.4,8.41,20.07,15.42,-5.9,324.84,0.369
1972,10,NA,9.11,7.54,4.27,17.04,15.92,-3.9,325.2,0.369
1972,11,NA,6.11,4.85,-0.41,16.54,16.62,-2.4,326.5,0.369
1972,12,NA,3.41,-0.59,0.6,13.65,17.82,0.6,327.55,0.369
1973,1,NA,3.01,-0.95,2.34,12.65,19.02,NA,328.55,0.3884
1973,2,NA,3.01,0.17,-4.85,12.05,20.82,-0.2,329.57,0.3884
1973,3,NA,5.41,3.27,1.89,13.54,21.02,-2.09,330.3,0.3884
1973,4,NA,6.21,5.43,2.18,14.33,20.52,-6.6,331.5,0.3884
1973,5,NA,12.11,13.85,4.95,14.34,19.62,-8.39,332.48,0.3884
1973,6,NA,16.11,16.49,7.71,17.1,17.02,-10.1,332.07,0.3884
1973,7,NA,17.11,17.38,11.07,19.4,16.32,-8.7,330.87,0.3884
1973,8,NA,17.81,19.25,10.4,21.16,13.62,-6.5,329.31,0.3884
1973,9,NA,15.01,15.46,9.26,19.9,15.82,-7,327.52,0.3884
1973,10,NA,8.81,7.87,3.16,18,16.02,-4.1,327.19,0.3884
1973,11,NA,5.21,3.74,-5.28,16.5,16.62,-1.4,328.17,0.3884
1973,12,NA,2.81,0.9,-5.79,15.29,18.02,0.3,328.65,0.3884
1974,1,NA,5.31,2.87,0.28,NA,19.02,1,329.36,0.3866
1974,2,NA,4.71,3.06,-1.39,13.67,20.03,1.3,330.71,0.3866
1974,3,NA,5.71,7.27,3.85,13.07,18.23,0.5,331.49,0.3866
1974,4,NA,9.21,8.61,7.15,13.1,19.93,-3.8,332.65,0.3866
1974,5,NA,11.71,11.63,7.84,15.34,18.43,-5.1,333.19,0.3866
1974,6,NA,14.91,14.63,10.14,17.41,17.23,-3.5,332.2,0.3866
1974,7,NA,15.51,17.3,10.82,18.69,16.23,-8.1,331.07,0.3866
1974,8,5.33,16.51,18.65,9.14,19.33,15.43,-7.7,329.15,0.3866
1974,9,0.24,12.81,14.1,5.24,19.1,15.03,-9.2,327.33,0.3866
1974,10,-3.33,7.11,5.08,4.12,18.26,15.43,-2.8,327.28,0.3866
1974,11,-6.88,6.61,4.58,0.95,16.27,16.83,-1.1,328.31,0.3866
1974,12,-7.47,7.41,4.06,-3.78,15.6,18.13,1,329.58,0.3866
1975,1,-13.5,6.31,3.6,-6.24,13.65,18.43,1.3,330.73,0.3864
1975,2,-11.02,3.21,2.47,1.25,12.69,20.63,1,331.46,0.3864
1975,3,-14.71,4.81,3.79,-1.36,14.05,20.13,-1.1,331.94,0.3864
1975,4,-9.88,7.61,7.79,0.78,14.05,20.03,-2.5,333.11,0.3864
1975,5,-4.57,11.21,12.79,6.68,15.89,19.03,-5.7,333.95,0.3864
1975,6,1.84,15.21,14.42,7.33,17.9,17.63,-9.1,333.42,0.3864
1975,7,5.4,17.91,17.93,12.23,19.91,16.23,-15.4,331.97,0.3864
1975,8,4.17,20.01,17.79,12.04,20.59,15.03,-11.3,329.95,0.3864
1975,9,0.53,15.31,16.58,4.75,19.7,14.63,-7.2,328.49,0.3864
1975,10,-7.33,8.61,8.16,4.41,18.27,15.13,-5.3,328.36,0.3864
1975,11,-9.45,5.31,4.42,1.34,16.26,15.93,-3.8,329.38,0.3864
1975,12,-18.3,3.6,-0.42,-1.06,14,16.83,0.2,330.77,0.3864
1976,1,-13.78,4.3,1.44,-4.61,14.19,18.73,NA,331.56,0.4063
1976,2,-11.37,3,1.41,0.73,12.5,19.33,NA,332.74,0.4063
1976,3,-6.32,3.1,3.99,1.87,13.01,19.23,NA,333.36,0.4063
1976,4,-8.77,7.6,8.33,3.16,13.25,18.93,NA,334.74,0.4063
1976,5,-2.07,13.4,13.58,6.15,15.09,17.33,NA,334.72,0.4063
1976,6,3.04,18.1,18.1,10.3,NA,16.23,NA,333.97,0.4063
1976,7,5.68,19.4,19.65,13.45,20.36,15.33,NA,333.08,0.4063
1976,8,4.16,18.1,15.96,13.36,20.2,14.83,NA,330.68,0.4063
1976,9,-1.04,13.9,13.05,8.74,18.65,15.43,NA,328.96,0.4063
1976,10,-3.74,11.3,10.86,5.34,17.44,15.89,NA,328.72,0.4063
1976,11,-7.93,7,4.47,2.69,16.32,16.57,NA,330.16,0.4063
1976,12,-9,1.8,-1.74,-3.5,13.61,18.26,-0.2,331.62,0.4063
1977,1,-10.36,3.1,0.85,-2.8,13.49,19.99,NA,332.68,0.4175
1977,2,-16.45,5,4.85,-2.86,13.89,21.1,NA,333.17,0.4175
1977,3,-20.86,7.2,7.75,0.49,13.68,20.82,NA,334.96,0.4175
1977,4,-15.66,6.8,6.62,-0.42,14.2,20.26,-1.9,336.14,0.4175
1977,5,-4.63,12,11.94,7.12,16.57,18.6,-7.1,336.93,0.4175
1977,6,1.12,14.7,15.78,9.97,18.14,16.74,-10.2,336.17,0.4175
1977,7,4.8,17.1,17.29,11.77,20.08,15.95,-14.8,334.89,0.4175
1977,8,4.09,16.2,16.16,10.51,20.99,15.92,-11.7,332.56,0.4175
1977,9,-0.12,13.5,12.91,7.82,20.37,15.09,-17.7,331.29,0.4175
1977,10,-4.28,11.6,11.07,3.62,17.94,15.94,-10.3,331.28,0.4175
1977,11,-6.43,6.9,5.51,-2.04,16.44,16.38,-2.6,332.46,0.4175
1977,12,-9.15,5.1,1.73,-0.54,14.01,17.46,0,333.6,0.4175
1978,1,-18.82,3.1,0.13,-3.18,13.02,19.6,0,334.94,0.4327
1978,2,-18.77,1.2,-0.14,-3.89,13.53,20.61,-1,335.26,0.4327
1978,3,-15.62,6.7,5.12,-0.57,13.54,20.15,-3,336.66,0.4327
1978,4,-8.82,7,7.48,3.03,14.3,18.89,-5.1,337.69,0.4327
1978,5,-2.55,12.2,11.05,7.25,15.34,17.9,-6.5,338.02,0.4327
1978,6,2.14,15.1,14.53,9.02,16.87,17.57,-8.7,338.01,0.4327
1978,7,4.56,15.5,16.43,11.04,19.03,16.27,-19.5,336.5,0.4327
1978,8,4.52,15.4,15.88,13.01,21.33,15.04,-14.6,334.42,0.4327
1978,9,-1.89,13.8,13.63,7.13,21.45,15.16,-8,332.36,0.4327
1978,10,-6.07,11,8.57,3.99,18.32,15.65,-7.3,332.45,0.4327
1978,11,-10.6,6.4,3.43,-0.64,16.97,16.58,-4.5,333.76,0.4327
1978,12,-10.07,1.9,1.64,0.58,14.19,17.66,-0.9,334.91,0.4327
1979,1,-19.43,-3.1,-2.75,-5.76,12.58,19.22,0.9,336.14,0.4437
1979,2,-19.32,-0.8,2.15,-2.14,14.01,20.22,-0.4,336.69,0.4437
1979,3,-12.77,4.8,5.43,-6.59,13.05,20.18,-0.5,338.27,0.4437
1979,4,-16.03,7.9,6.6,0.55,13.96,20.1,-3.5,338.82,0.4437
1979,5,-6.8,11.6,12.55,-0.16,15.73,18.85,-10,339.24,0.4437
1979,6,-0.32,15,16.45,9.65,18.15,17.47,-11.2,339.26,0.4437
1979,7,6.14,16,17.29,9.23,20.26,15.92,-12.1,337.54,0.4437
1979,8,4.59,15.7,15.97,8.92,21.54,15.92,-12.7,335.72,0.4437
1979,9,1.29,14,14.44,3.88,21.49,16.49,-8.2,333.97,0.4437
1979,10,-4.44,11,10.07,4.45,17.89,16.3,-7.6,334.24,0.4437
1979,11,-6.56,5.7,3.73,-0.74,17.52,16.66,-2.3,335.32,0.4437
1979,12,-11.92,5.5,3.67,-1.19,15.66,17.72,0.2,336.81,0.4437
1980,1,-15.34,0.3,-1.21,-2.62,14.38,19.11,0.6,337.9,0.4415
1980,2,-13.61,4.9,3.74,-0.32,14.07,20.33,0.9,338.34,0.4415
1980,3,-12.68,4.8,5.09,0.66,13.75,20.69,-4.19,340.07,0.4415
1980,4,-8.4,8.1,6.03,4.19,14.68,20.52,-10.6,340.93,0.4415
1980,5,-3.17,12.4,10.92,8.6,16.64,19.04,-11.3,341.45,0.4415
1980,6,2.78,15.1,14.39,9.83,18.23,17.37,-15.1,341.36,0.4415
1980,7,4.62,15.9,15.31,11.52,20.28,16.66,-20.5,339.45,0.4415
1980,8,4.15,17.1,18.16,10.86,22.68,15.97,-18.1,337.67,0.4415
1980,9,0.42,15.4,15.47,7.27,20.46,15.87,-11.1,336.25,0.4415
1980,10,-6.96,9.5,8.61,-0.37,18.9,15.88,-7.8,336.14,0.4415
1980,11,-13.62,5,3.15,-0.3,16.59,16.48,-6.5,337.3,0.4415
1980,12,-16.95,3.69,-0.2,-4.02,15.13,17.26,0,338.29,0.4415
1981,1,-22.16,2.79,-2.29,-3.52,13.85,19.07,0.6,339.29,0.4294
1981,2,-12.69,1.59,-0.86,-2.36,13.31,19.97,-1.3,340.55,0.4294
1981,3,-18.64,8.19,7.6,-2.8,14.56,19.87,-1.5,341.63,0.4294
1981,4,-10.53,8.39,9.66,4.09,13.58,19.69,-3.6,342.6,0.4294
1981,5,-4.47,13.39,12.3,5.49,15.67,NA,-8.8,343.04,0.4294
1981,6,0.27,14.49,15.54,8.27,17.78,NA,-9.39,342.54,0.4294
1981,7,4.9,16.39,16.32,10.2,19.26,NA,-9.7,340.82,0.4294
1981,8,4.97,16.79,17.69,11.5,20.98,NA,-12.7,338.48,0.4294
1981,9,1.27,14.79,14.29,6.48,20.89,NA,-10.3,336.95,0.4294
1981,10,-4.08,8.59,9.34,-0.63,17.85,NA,-7.5,337.05,0.4294
1981,11,-6.89,6.79,4.79,-1.83,16.96,NA,-4.3,338.58,0.4294
1981,12,-13.94,-0.61,0.65,-3.47,15.54,NA,-0.3,339.91,0.4294
1982,1,-17.47,1.19,0.19,-3.35,14.77,NA,1.2,340.93,0.426
1982,2,-14.7,2.89,0.79,1.34,13.41,NA,0,341.76,0.426
1982,3,-9.1,5.29,4.29,0.01,13.72,NA,-1.5,342.78,0.426
1982,4,-9.14,7.69,7.52,3.79,13.53,NA,-3.5,343.96,0.426
1982,5,-4.41,12.99,13.05,3.92,15.63,NA,-2.8,344.77,0.426
1982,6,1.22,16.69,16.9,9.53,17,NA,-4.3,343.88,0.426
1982,7,4.06,18.99,19.25,12.22,18.57,NA,-15.2,342.42,0.426
1982,8,3.2,17.29,17.02,9.01,20.23,NA,-14.2,340.24,0.426
1982,9,-4.25,15.69,16.32,4.91,19.9,NA,-11,338.37,0.426
1982,10,-4.78,11.19,9.57,3.63,18.19,NA,-9.7,338.41,0.426
1982,11,-7.91,8.29,6.05,-1.69,15.12,NA,-5.2,339.44,0.426
1982,12,-12.62,3.49,2.76,-2.51,14.5,NA,0.3,340.78,0.426
1983,1,-10.87,6.29,2.89,-2.88,13.86,NA,1.6,341.57,0.4299
1983,2,-17.02,0.99,-1.59,1.56,13.65,NA,0.2,342.78,0.4299
1983,3,-10.06,5.79,5.75,-1.93,13.73,NA,-1.7,343.37,0.4299
1983,4,-11.26,8.59,9.29,-1.77,13.97,NA,-1.4,345.4,0.4299
1983,5,-2.76,10.69,10.63,3.83,14.85,17.97,-2.5,346.14,0.4299
1983,6,1,16.49,16.97,9.17,16.59,16.75,-4.6,345.76,0.4299
1983,7,5.51,20.19,22.07,11.22,19.06,15.8,-5.1,344.32,0.4299
1983,8,3.56,18.19,18.41,10.83,20.35,15.12,-7.1,342.51,0.4299
1983,9,0.75,14.29,14.81,5.38,20.59,16.08,-8.39,340.46,0.4299
1983,10,-7.09,10.49,10,1.87,18.18,16.09,-6,340.53,0.4299
1983,11,-13.24,6.19,3.15,-0.05,15.69,16.78,-1.3,341.79,0.4299
1983,12,-15.89,3.89,1.03,-1.41,14.73,17.94,0.8,343.2,0.4299
1984,1,-8.35,3.49,0.8,-5.16,13.47,20.25,1.1,344.21,0.4425
1984,2,-9.44,2.09,-0.58,0.32,13.29,20.86,1.1,344.92,0.4425
1984,3,-14.72,4.09,2.67,1.26,13.35,20.65,0.7,345.68,0.4425
1984,4,-6.52,7.99,7.24,4.62,15.22,20,-2.6,347.38,0.4425
1984,5,-2.58,10.69,10.1,7.36,15.75,18.5,-5.4,347.77,0.4425
1984,6,2.3,13.89,15.15,10.64,17.65,17.55,-9.89,347.16,0.4425
1984,7,5.84,15.99,18.22,13.25,19.1,16.52,-8.6,345.79,0.4425
1984,8,4.97,18.19,17.38,12.73,20.96,16.34,-7,343.74,0.4425
1984,9,1.39,13.59,13.25,6.78,20.61,16.46,-3.8,341.59,0.4425
1984,10,-2.55,11.79,10.6,2.1,19.42,16.24,-6.2,341.86,0.4425
1984,11,-4.92,8.29,6.11,-0.53,15.88,17.09,-2.3,343.31,0.4425
1984,12,-2.67,4.39,1.87,0.19,14.07,17.82,1.1,345,0.4425
1985,1,-11.49,-3.01,-5.41,-2.42,13.9,19.28,1.9,345.48,0.4582
1985,2,-8.15,-0.51,-0.29,-1.97,12.67,20.44,0.9,346.41,0.4582
1985,3,-11.12,4.19,3.4,-0.63,13.76,20.11,-0.9,347.91,0.4582
1985,4,-12.16,8.59,8.49,1.7,13.62,19.54,-2.2,348.66,0.4582
1985,5,-3.1,13.29,12.79,7.44,15.44,NA,-4.3,349.28,0.4582
1985,6,3.02,13.79,14.25,9.44,17.71,NA,-5.8,348.65,0.4582
1985,7,6.73,17.49,19.31,9.8,19.39,16.2,-8.6,346.9,0.4582
1985,8,3.99,15.99,17.32,8.76,21.49,15.5,-7.4,345.26,0.4582
1985,9,0.56,14.49,15.73,5.39,21.36,15.21,-4.9,343.47,0.4582
1985,10,-7.26,10.39,9.81,6.25,18.43,15.55,-3.6,343.35,0.4582
1985,11,-8.84,2.69,1.08,-1.51,15.57,16.54,-0.1,344.73,0.4582
1985,12,-12,5.78,3.62,-4.61,13.91,18.19,0.2,346.12,0.4582
1986,1,-13.37,2.48,0.85,-1.59,13.49,19.74,1.1,346.78,0.4648
1986,2,-19.87,-3.52,-5.33,-0.64,13.34,20.63,1.4,347.48,0.4648
1986,3,-14.4,4.28,3.61,0.3,13.41,20.73,-1.1,348.25,0.4648
1986,4,-14.88,6.28,6.07,2.67,12.91,19.92,-2.3,349.86,0.4648
1986,5,-2.61,13.38,14.3,3.84,15.79,19.24,-9.3,350.52,0.4648
1986,6,2.62,16.48,15.84,11.38,17.78,17.2,-8.5,349.98,0.4648
1986,7,6.14,17.28,17.49,10.22,20.63,16.08,-9.89,348.25,0.4648
1986,8,4.69,15.68,17.08,10.25,21.68,16.24,-12.1,346.17,0.4648
1986,9,-2.41,11.68,13.7,6.51,20,15.83,-10.7,345.48,0.4648
1986,10,-4.24,11.48,11.24,1.77,19.39,16.4,-5.2,344.82,0.4648
1986,11,-9.44,7.98,5.54,-0.8,16.47,16.69,-3.6,346.22,0.4648
1986,12,-9.54,5.18,1.38,-1.66,15.82,17.81,-0.1,347.48,0.4648
1987,1,-10.11,-2.62,-4.53,1.99,15.12,19.65,1.8,348.73,0.48
1987,2,-14.84,2.18,0.5,-0.85,14.86,20.69,0.7,348.92,0.48
1987,3,-11.88,2.38,0.96,-0.02,14.58,20.57,-2,349.81,0.48
1987,4,-7.13,10.78,10.04,3.56,13.53,20.44,-4.5,351.4,0.48
1987,5,-2.83,10.28,10.03,8.34,15.16,19.37,-4.4,352.15,0.48
1987,6,1.74,13.88,14.41,9.59,18.54,17.75,-10.8,351.58,0.48
1987,7,4.37,16.88,18.23,12.24,20.81,16.36,-20.5,350.21,0.48
1987,8,4.05,16.28,17.14,10.6,21.84,16.26,-11.6,348.2,0.48
1987,9,-1.92,14.88,17.05,7.09,20.93,15.65,-15.9,346.66,0.48
1987,10,-6.99,10.88,10.18,1.55,17.12,15.98,-6,346.72,0.48
1987,11,-9.48,6.88,5.19,3.91,16.14,17.12,-2.2,348.08,0.48
1987,12,-16.47,4.48,2.14,1.35,15.09,18.62,0,349.28,0.48
1988,1,-17.1,5.98,3.41,-4.84,13.23,19.93,1.1,350.51,0.4985
1988,2,-12.39,4.68,1.74,-2.4,12.78,20.93,0.4,351.7,0.4985
1988,3,-17.34,5.18,3.42,-2.09,14.49,21.36,-1.4,352.5,0.4985
1988,4,-17,8.78,9.22,-1.24,16.11,20.29,-2.8,353.67,0.4985
1988,5,-2.58,14.48,14.56,6.9,15.76,19.49,-3.6,354.35,0.4985
1988,6,2.83,14.88,15.6,11.69,18.35,17.83,-7.2,353.88,0.4985
1988,7,5.48,16.08,17.92,10.28,20.8,16.12,-7.7,352.8,0.4985
1988,8,5.21,16.68,17.99,11.67,22.53,16.09,-12.4,350.49,0.4985
1988,9,-1.87,14.08,14.09,6.97,21.84,15.96,-6,348.97,0.4985
1988,10,-9.71,10.98,10.82,3.51,18.78,16.19,-3.9,349.37,0.4985
1988,11,-14.56,6.18,2.75,1.82,16.18,17.38,-1.7,350.42,0.4985
1988,12,-21.35,7.08,2.41,-0.97,16.27,18.71,0.8,351.62,0.4985
1989,1,-16.83,4.58,0.9,-0.94,14.58,20.34,2,353.07,0.5049
1989,2,-18.65,5.38,3.19,-3.96,14.12,21.52,2,353.43,0.5049
1989,3,-14.35,8.28,8.41,-2.26,13.75,21.89,0.3,354.08,0.5049
1989,4,-7.3,6.98,7.62,0.66,14.35,19.97,-4,355.72,0.5049
1989,5,-1.53,14.68,14.26,5.37,16.11,19.69,-2.6,355.95,0.5049
1989,6,1.92,15.78,15.44,10.33,NA,17.44,-5.2,355.44,0.5049
1989,7,4.93,18.18,18.62,12.88,21.49,16.54,-2.7,354.05,0.5049
1989,8,3.58,17.28,17.89,10.6,21.91,15.99,-3.9,351.84,0.5049
1989,9,0.24,15.68,14.36,7.36,20.37,16.17,-4.8,350.09,0.5049
1989,10,-6.4,12.48,11.05,4.06,18.11,15.86,-3.3,350.33,0.5049
1989,11,-8.57,5.68,2.8,-0.02,15.17,16.59,-0.8,351.55,0.5049
1989,12,-15.1,4.87,2.4,-1.02,14.51,18.02,1.2,352.91,0.5049
1990,1,-6.79,5.77,1.01,-0.51,13.75,19.43,2.5,353.86,0.517
1990,2,-9.83,7.67,6.71,-2.32,13.51,21.06,2.7,355.1,0.517
1990,3,-15.58,8.57,7.75,-2.81,14.29,21.54,-1,355.75,0.517
1990,4,-8.5,8.97,7.42,-0.08,13.71,20.92,-4,356.38,0.517
1990,5,-4.62,13.97,15.13,7.79,16.49,19.57,-4.8,357.38,0.517
1990,6,2.48,15.07,15.52,10.57,18.59,17.97,-6,356.39,0.517
1990,7,5.56,16.97,18.46,13.29,21.76,16.87,-5.1,354.89,0.517
1990,8,4.32,18.57,19.28,11.03,21.51,16.47,-10.6,353.06,0.517
1990,9,4.85,13.47,13.65,6.76,20.91,16.47,-8.1,351.38,0.517
1990,10,-3.18,12.07,11.59,3.89,17.91,16.47,-5.3,351.69,0.517
1990,11,-12.2,6.27,4.29,1.74,16.72,NA,-4.19,353.14,0.517
1990,12,-8.18,4.27,-0.07,-0.39,14.45,18.47,0.1,354.41,0.517
1991,1,-11.27,3.27,0.69,1.45,13.74,NA,1,354.93,0.5278
1991,2,-10.48,-0.73,-0.98,0.51,13.4,NA,0.6,355.82,0.5278
1991,3,-7.97,8.87,7.21,1.71,13.86,NA,-1.8,357.33,0.5278
1991,4,-11.21,8.57,7.81,1.01,15.06,21.17,-2.8,358.77,0.5278
1991,5,-3,10.07,9.55,9.44,15.78,NA,-7.9,359.23,0.5278
1991,6,2.93,12.77,14.8,8.67,20.28,NA,-13.9,358.23,0.5278
1991,7,4.09,19.07,19.86,13.13,21.7,16.37,-10.1,356.3,0.5278
1991,8,5.45,18.07,19.94,12.35,22.47,NA,-10.1,353.97,0.5278
1991,9,-0.75,15.07,16.71,7.58,22.04,NA,-6.4,352.34,0.5278
1991,10,-5.89,10.27,8.69,4.65,18.66,NA,-7,352.43,0.5278
1991,11,-11.83,5.37,3.83,-0.79,17.09,NA,-2.6,353.89,0.5278
1991,12,-12.83,3.97,-0.57,0.71,15.66,NA,0.8,355.21,0.5278
1992,1,-10.68,2.77,-0.78,3.21,15.05,NA,1.6,356.34,0.5122
1992,2,-14.87,4.97,1.85,-0.55,13.87,NA,-0.6,357.21,0.5122
1992,3,-12.19,6.97,6.12,-0.12,15.57,NA,-2.8,357.97,0.5122
1992,4,-6.23,8.77,8.21,2.47,16.42,NA,-3.2,359.22,0.5122
1992,5,-2.57,15.67,14.82,7.1,15.94,18.97,-7.5,359.71,0.5122
1992,6,2.96,17.27,15.92,10.55,17.78,16.87,-14.1,359.44,0.5122
1992,7,5.1,18.37,18.99,10.42,20.95,NA,-13.7,357.15,0.5122
1992,8,3.74,17.87,21.04,10.15,21.7,NA,-9.6,354.99,0.5122
1992,9,2.49,14.67,14.71,6.99,NA,NA,-7.6,353.01,0.5122
1992,10,-8.4,8.07,7.68,4.08,19.58,NA,-5.8,353.4,0.5122
1992,11,-7.21,8.07,6.2,-0.26,18.38,NA,-1.8,354.42,0.5122
1992,12,-11.7,3.77,0.42,-0.57,15.39,NA,1.9,355.68,0.5122
1993,1,-15.48,5.17,3.35,-4.46,14.99,NA,1.7,357.1,0.5174
1993,2,-15.93,2.47,-0.22,0.97,13.99,NA,0.9,357.42,0.5174
1993,3,-15.71,5.87,4.46,1.29,13.79,NA,-1.8,358.59,0.5174
1993,4,-12.68,11.17,10.76,3.67,14.79,NA,-3.2,359.39,0.5174
1993,5,-3.05,14.37,14.79,6.12,14.99,NA,-6,360.3,0.5174
1993,6,2.83,15.97,16.85,8.73,NA,17.97,-9,359.64,0.5174
1993,7,6.17,16.17,16.88,8.28,NA,16.87,-9.5,357.45,0.5174
1993,8,5.36,15.27,17.68,9.79,20.49,16.57,-8,355.76,0.5174
1993,9,-0.74,13.17,13.35,9.22,20.59,17.47,-7.6,354.14,0.5174
1993,10,-8.09,9.07,7.98,4.13,17.99,17.67,-4.8,354.23,0.5174
1993,11,-3.19,2.27,1.03,5.05,NA,18.37,-1.1,355.53,0.5174
1993,12,-11.03,5.17,3.83,-3.19,14.69,18.87,-0.8,357.03,0.5174
1994,1,-15.22,5.27,2.51,-2.91,13.69,19.67,0.3,358.36,0.5225
1994,2,-14.6,1.57,2.08,0.58,13.49,20.87,-0.4,359.04,0.5225
1994,3,-11.41,7.37,9.1,-1.57,14.59,21.27,-1.3,360.11,0.5225
1994,4,-6.62,8.27,7.36,1.15,NA,NA,-2.9,361.36,0.5225
1994,5,-3.37,12.47,13.13,7.66,16.09,19.77,-5.2,361.78,0.5225
1994,6,2.81,15.07,16.79,8.44,17.59,17.57,-10.6,360.94,0.5225
1994,7,4.64,21.47,21.69,12.99,20.19,16.57,-15.6,359.51,0.5225
1994,8,2.64,17.67,19.52,12.05,21.29,15.57,-8.89,357.59,0.5225
1994,9,-0.42,13.67,13.8,7.16,21.89,16.17,-8.89,355.86,0.5225
1994,10,-9.08,9.47,9.68,1.87,20.39,17.07,-10.5,356.21,0.5225
1994,11,-13.11,10.27,7.68,1.13,17.79,NA,-0.3,357.65,0.5225
1994,12,-9.26,5.36,3.3,-1.15,16.4,18.57,0.1,359.1,0.5225
1995,1,-14.39,3.86,-0.28,-2.82,16.09,20.07,2,360.04,0.5349
1995,2,-14.44,6.76,5.2,-3.97,15.2,21.77,0,361,0.5349
1995,3,-14.32,5.56,3.64,-2.24,15.75,21.82,-1.5,361.98,0.5349
1995,4,-7.15,9.26,8.94,0.29,16.45,21.41,-2.2,363.44,0.5349
1995,5,-2.45,12.86,12.98,4.04,18.75,NA,-4.1,363.83,0.5349
1995,6,2.51,14.76,14.47,11.12,19.75,18.17,-10.8,363.33,0.5349
1995,7,5.26,20.16,20.8,11,21.55,16.67,-13.9,361.78,0.5349
1995,8,4.96,19.76,17.89,12.95,23,16.17,-14.9,359.33,0.5349
1995,9,1.59,14.26,12.3,8.2,21.2,16.32,-11.8,358.32,0.5349
1995,10,-7.12,12.76,13.28,2.56,19.2,NA,-3.6,358.14,0.5349
1995,11,-13.53,6.86,3.55,0.53,16,NA,-3,359.61,0.5349
1995,12,-14.14,-0.84,-0.32,-2.18,15.76,18.66,1,360.82,0.5349
1996,1,-10.27,-0.04,-0.6,-0.12,12.36,20.52,1.5,362.2,0.5512
1996,2,-15.64,0.66,-0.9,-1.78,13.26,21.67,0.6,363.36,0.5512
1996,3,-7.26,3.26,3.37,3.59,14.16,22.07,-0.6,364.28,0.5512
1996,4,-9.32,9.46,9.49,3.57,15.01,21.22,-1.95,364.69,0.5512
1996,5,-4.7,10.76,12.33,6.99,15.85,20.06,NA,365.25,0.5512
1996,6,2.2,15.76,17.19,9.68,19.06,17.92,-7,365.06,0.5512
1996,7,4.17,16.36,17.15,12.61,20.96,16.92,NA,363.69,0.5512
1996,8,3.87,17.36,17.02,11.35,NA,NA,NA,361.55,0.5512
1996,9,0.17,12.56,11.01,11.85,NA,15.92,NA,359.69,0.5512
1996,10,-3.92,10.86,9.46,3.36,NA,16.07,NA,359.72,0.5512
1996,11,-5.18,5.96,4.94,-4.59,NA,NA,NA,361.04,0.5512
1996,12,-14.28,0.66,-0.8,-2.36,NA,NA,NA,362.39,0.5512
1997,1,-16.35,-1.14,-1.87,-1.22,NA,18.92,NA,363.24,0.5545
1997,2,-14.72,6.26,4.44,-1.9,14.63,19.77,NA,364.21,0.5545
1997,3,-12.09,8.06,7.88,-1.32,NA,NA,-0.19,364.65,0.5545
1997,4,-12.03,7.86,7.61,3.61,NA,19.72,NA,366.49,0.5545
1997,5,-3.1,12.86,13.47,5.38,NA,18.36,NA,366.77,0.5545
1997,6,2.2,16.06,15.82,8.76,NA,17.42,NA,365.73,0.5545
1997,7,5.02,17.46,17.12,13.57,NA,16.47,-15.4,364.46,0.5545
1997,8,4.46,20.56,19.89,11.6,21.9,16.27,-10.4,362.4,0.5545
1997,9,-0.33,14.36,15.41,8.63,21.56,16.87,-11.7,360.44,0.5545
1997,10,-5.37,9.76,9.25,4.05,20.7,NA,-5.4,360.97,0.5545
1997,11,-8.33,6.76,4.59,2.15,16.87,18.27,-2.7,362.65,0.5545
1997,12,-10.59,5.06,2.27,0.85,15.74,19.53,1,364.51,0.5545
1998,1,-19.23,4.76,1.78,-0.26,13.76,19.89,1.8,365.39,0.5526
1998,2,-18.11,6.46,3.93,-2.59,13.62,21.23,1.7,366.1,0.5526
1998,3,-12.23,7.66,5.41,-1.79,14.35,21.29,0.1,367.36,0.5526
1998,4,-11.46,9.46,9.02,2.3,NA,21.18,-0.5,368.79,0.5526
1998,5,-5.02,14.96,14.75,7.91,NA,20.13,-4.1,369.56,0.5526
1998,6,1.73,15.86,17.52,8.38,NA,19.24,-2.8,369.13,0.5526
1998,7,6.05,16.36,18.6,9.26,NA,16.94,-5.6,367.98,0.5526
1998,8,4.48,16.56,18.58,11.44,NA,15.89,-6.8,366.1,0.5526
1998,9,-0.21,15.06,13.77,7.17,NA,16.24,-6.9,364.16,0.5526
1998,10,-4.26,9.96,10.04,1.63,NA,NA,-4.69,364.54,0.5526
1998,11,-5.42,3.76,1.87,-0.4,NA,16.94,-2.3,365.67,0.5526
1998,12,-11.74,4.66,1.01,-0.25,NA,18.08,0.5,367.3,0.5526
1999,1,-10.86,5.26,2.14,-1.5,14.81,NA,1.7,368.35,0.5649
1999,2,-12.45,3.16,-0.69,-1.38,15.76,21.54,0.9,369.28,0.5649
1999,3,-8.86,7.36,6.33,-3.17,14.36,21.49,0.3,369.84,0.5649
1999,4,-10.77,9.86,9.29,0.64,16.47,NA,-1.2,371.15,0.5649
1999,5,-1.65,14.26,15.16,7.54,16.23,19.84,-1.9,371.12,0.5649
1999,6,2.83,15.06,15.3,11.3,18.79,18.49,-6.6,370.46,0.5649
1999,7,5.84,19.16,18.76,12.46,21.58,17.34,NA,369.61,0.5649
1999,8,4.38,17.56,18.29,12.2,22.43,NA,NA,367.06,0.5649
1999,9,2.61,17.46,17.12,7.94,20.71,16.34,-10.8,364.95,0.5649
1999,10,-7.35,10.66,9.78,4.11,18.93,16.64,-3.8,365.52,0.5649
1999,11,-4.09,6.76,2.15,1.93,15.96,17.84,-1.2,366.88,0.5649
1999,12,-9.17,4.85,1.81,-1.92,16.29,18.68,0.3,368.26,0.5649
2000,1,-8.73,4.35,-0.05,0.89,13.55,20.29,0.2,369.45,0.5802
2000,2,-10.33,5.95,4.19,-1.97,15.37,21.44,0.6,369.71,0.5802
2000,3,-13.9,6.85,6.24,0.36,14.94,21.79,-1,370.75,0.5802
2000,4,-12.01,10.05,10.42,1.17,14.29,20.94,-2.43,371.98,0.5802
2000,5,-4.21,14.75,15.51,8.14,16.23,NA,-3.55,371.74,0.5802
2000,6,0.87,16.05,18.02,9.76,18.79,18.09,-5.45,371.87,0.5802
2000,7,4.97,15.55,16.26,13.26,19.86,17.14,-5.5,370.02,0.5802
2000,8,3.52,17.45,19.4,12.21,21.53,16.69,-10.6,368.27,0.5802
2000,9,1.27,15.85,15.51,9.26,21.22,16.34,-11.95,367.15,0.5802
2000,10,1.02,11.35,10.52,4.25,19.77,16.54,-4.75,367.18,0.5802
2000,11,-4.28,7.85,6.2,0.72,18.05,17.64,-1.25,368.53,0.5802
2000,12,-10.76,5.15,3.71,-0.83,14.96,18.54,0.9,369.83,0.5802
2001,1,-8.26,2.66,1.62,1.47,14.79,20.43,2.85,370.76,0.5844
2001,2,-8.7,4.52,3.56,-0.4,14.11,20.93,2,371.69,0.5844
2001,3,-14.7,5,7.18,-2.58,14.56,21.14,0.04,372.63,0.5844
2001,4,-11.38,8.33,7.22,2.07,15.45,20.84,-3.2,373.55,0.5844
2001,5,-3.19,14.19,15.67,7.61,16.34,19.59,-1.1,374.03,0.5844
2001,6,2.95,15.21,15.44,8.61,18.71,18.48,-5.7,373.4,0.5844
2001,7,5.56,18.58,18.86,11.41,22.2,16.43,-11.8,371.68,0.5844
2001,8,4.77,18.53,19.43,10.54,22.31,16.04,-8.44,369.78,0.5844
2001,9,2.31,13.48,11.94,8.93,21.77,15.83,-5.1,368.34,0.5844
2001,10,-5.62,14.27,13.69,4.84,18.94,16.49,-3.25,368.61,0.5844
2001,11,-11.58,7.17,2.78,1.52,17.55,17.94,-1.5,369.94,0.5844
2001,12,-8.53,2.91,-0.53,1.81,15.29,19.14,0.3,371.42,0.5844
2002,1,-12.03,4.47,0.78,-0.21,14.34,20.14,2,372.7,0.5974
2002,2,-12.51,7.16,5.56,-4.69,14.58,21.34,1.45,373.37,0.5974
2002,3,-14.94,7.27,7.35,-2.02,13.29,21.54,-2.4,374.3,0.5974
2002,4,-7.08,9.38,9.21,4.38,15.1,21.04,NA,375.19,0.5974
2002,5,-3.58,13.42,13.22,6.08,16.81,19.94,-10.25,375.93,0.5974
2002,6,3.29,16.55,19.49,10.1,18.61,18.04,-17.1,375.69,0.5974
2002,7,6.04,17.6,18.51,11.59,21.07,16.74,-12.35,374.16,0.5974
2002,8,5.73,18.65,18.16,10.75,22.49,15.74,-12.7,372.03,0.5974
2002,9,-0.96,14.6,13.22,9.96,20.88,16.84,NA,370.92,0.5974
2002,10,-3.23,9.51,10.27,4.61,18.25,16.89,NA,370.73,0.5974
2002,11,-5.77,7.92,6.73,3.49,16.05,17.54,NA,372.43,0.5974
2002,12,-7.2,2.94,3.71,2.74,15.13,18.89,1.35,373.98,0.5974
2003,1,-16.7,2.54,0.1,-0.94,14.6,20.69,2.7,375.07,0.6289
2003,2,-11.38,1.86,-1.74,2.2,13.56,21.84,0.9,375.82,0.6289
2003,3,-16.79,7.37,7.82,4.09,13.58,21.79,-0.12,376.64,0.6289
2003,4,-9.86,9.98,9.45,6.42,13.93,21.34,-2.4,377.92,0.6289
2003,5,-2.71,13.23,14.93,5.59,16.74,20.39,-5.35,378.78,0.6289
2003,6,2.74,17.89,22.8,11.17,18.3,18.54,-9.7,378.46,0.6289
2003,7,6.01,18.89,19.82,12.23,21.12,17.74,-6.3,376.88,0.6289
2003,8,5.44,19.3,22.89,13.4,22.23,16.54,-7,374.57,0.6289
2003,9,-0.28,13.97,14.86,8.98,21.42,17.24,-8.1,373.34,0.6289
2003,10,-3.86,7.51,6.41,4.32,18.01,17.54,-6.71,373.31,0.6289
2003,11,-6.91,8.05,5.45,0.73,16.19,18.49,-3.06,374.84,0.6289
2003,12,-17.57,4.04,1.05,-1.19,15.8,19.18,-0.5,376.17,0.6289
2004,1,-16.16,3.63,0.56,-2.09,16.3,19.69,1.33,377.17,0.6507
2004,2,-16.69,4.86,2.12,0.7,14.41,20.89,1,378.05,0.6507
2004,3,-7.25,5.96,4.47,4.26,14.41,20.64,-0.56,379.06,0.6507
2004,4,-3.21,10.39,9.59,5.26,15.26,19.79,-2,380.54,0.6507
2004,5,-1.26,12.33,11.88,6.77,17.12,19.34,-3.45,380.8,0.6507
2004,6,2.67,15.56,16.4,10.35,20.22,17.54,-7.2,379.87,0.6507
2004,7,6.91,16.74,18.19,12.95,21.37,17.24,-8.5,377.65,0.6507
2004,8,4.93,18.88,19.14,12.79,21.83,15.74,-10.8,376.17,0.6507
2004,9,0.03,15.22,15.43,9.47,22.02,16.08,-10.45,374.43,0.6507
2004,10,-4.13,11.35,11.67,3.65,19.28,16.99,-5.56,374.63,0.6507
2004,11,-11.66,6.33,4.21,-0.04,17.58,18.08,-1.27,376.33,0.6507
2004,12,-8.1,3.28,0.66,-0.81,14.96,19.89,0.8,377.68,0.6507
2005,1,-7.49,5.29,0.45,-0.53,15.3,21.34,1.1,378.63,0.6732
2005,2,-7.53,2.43,-0.99,1.37,14.15,22.19,0.85,379.91,0.6732
2005,3,-14.83,6.58,5.59,2.88,14.86,22.19,-2,380.95,0.6732
2005,4,-8.66,10.43,9.51,3.51,15.88,20.84,-3.95,382.48,0.6732
2005,5,-1.57,12.61,13.78,4.81,16.55,19.29,-5.09,382.64,0.6732
2005,6,4.02,16.8,18.41,9.94,19.22,17.93,-12.18,382.4,0.6732
2005,7,5.56,17.69,18.57,12.7,21.05,17.73,-11.53,380.93,0.6732
2005,8,5.54,16.23,16.57,11,22.73,16.29,-10.8,378.93,0.6732
2005,9,-1.19,15.76,15.87,4.74,22.29,16.34,-7.1,376.89,0.6732
2005,10,-7.24,13.38,11.29,1.79,19.23,16.58,-4.28,377.19,0.6732
2005,11,-4.29,6.89,3.92,-0.36,15.82,17.54,-1.4,378.54,0.6732
2005,12,-3.51,4.02,-0.76,1.72,15.33,19.08,-0.9,380.31,0.6732
2006,1,-3.3,1.5,-2.19,2.29,14.24,20.44,1.26,381.58,0.6958
2006,2,-10.87,2.93,-0.01,1.94,14.16,21.48,1.5,382.4,0.6958
2006,3,-13.58,3.97,3.41,-0.46,15.21,21.89,-0.38,382.86,0.6958
2006,4,-1.16,9.02,9.1,1.74,15.3,20.34,-2.1,384.8,0.6958
2006,5,0.29,14.54,13.52,4.54,17.05,19.49,-3.58,385.22,0.6958
2006,6,4.34,16.72,17.95,12.47,18.49,18.18,-7.96,384.24,0.6958
2006,7,6.29,22.35,22.82,12.39,21.25,16.84,-9.23,382.65,0.6958
2006,8,4.86,16.39,15.09,12.55,22.32,16.29,-14.62,380.6,0.6958
2006,9,-0.06,17.96,17.18,8.64,21.55,16.29,-11.98,379.04,0.6958
2006,10,-7.12,13.62,12.95,4.31,18.84,16.59,-3.49,379.33,0.6958
2006,11,-6.07,9.2,6.98,-1.06,16.92,16.94,-3.32,380.35,0.6958
2006,12,-7.86,6.55,2.5,2.62,15.59,18.44,0.81,382.02,0.6958
2007,1,-9.5,7.13,4.26,-1.08,15.04,19.84,1.85,383.1,0.7164
2007,2,-9.11,6.08,4.87,-2.06,14.62,20.99,1.01,384.12,0.7164
2007,3,-8.52,8,5.85,2.74,14.19,21.39,-1.67,384.81,0.7164
2007,4,-9.23,13.1,13.88,4.94,15.46,20.94,-4.25,386.73,0.7164
2007,5,-1.43,14.16,14.7,4.54,17.02,19.64,-3.45,386.78,0.7164
2007,6,4.69,17.52,17.41,10.74,18.07,17.74,-6.15,386.33,0.7164
2007,7,6.76,17.05,17.93,10.74,20.86,17.13,-12.05,384.73,0.7164
2007,8,4.59,17.15,17.16,11.31,21.8,15.73,-7.58,382.24,0.7164
2007,9,0.17,13.83,13.3,7.24,20.86,16.39,-4.55,381.2,0.7164
2007,10,-3.48,10.11,9.53,6.32,19.85,16.34,-6.07,381.37,0.7164
2007,11,-5.78,6.95,2.93,1.52,17.81,17.29,-3.27,382.7,0.7164
2007,12,-9.11,3.82,0.49,1.16,16.34,18.59,-0.1,384.19,0.7164
2008,1,-7.59,6.54,3.08,-1.46,15.59,20.54,2.22,385.78,0.7289
2008,2,-8.99,5.18,3.99,0.04,14.7,21.64,1.37,386.06,0.7289
2008,3,-14.97,5.94,4.71,-1.36,15.08,21.49,-1.11,386.28,0.7289
2008,4,-9.68,8.97,8.14,1.44,14.72,21.19,-2.71,387.33,0.7289
2008,5,-2.33,15.71,15.46,8.04,16.84,19.74,-3.05,388.78,0.7289
2008,6,2.84,16.53,17.41,9.14,19.54,17.84,-3.77,387.99,0.7289
2008,7,5.33,18.09,18.65,12.44,20.84,16.89,-8.66,386.62,0.7289
2008,8,3.6,17.43,18.06,11.54,22.04,16.64,-11.24,384.32,0.7289
2008,9,2.29,13.65,12.67,9.84,20.74,16.09,-1.9,383.41,0.7289
2008,10,-6.45,10.12,10.18,1.75,20.75,16.28,-2.75,383.22,0.7289
2008,11,-9.24,6.89,4.27,1.87,17.79,16.64,-0.62,384.41,0.7289
2008,12,-8.12,2.48,0.35,0.02,15.91,18.53,-0.53,385.79,0.7289
2009,1,-12.12,0.83,-1.97,0.76,15.83,20.09,1.73,387.17,0.7167
2009,2,-10.78,3.34,0.34,-2.92,14.66,21.44,0.82,387.7,0.7167
2009,3,-12.2,6.36,4.21,-0.96,13.83,21.84,0.4,389.04,0.7167
2009,4,-15.62,12.21,12.24,3.54,15.23,21.24,-4.86,389.76,0.7167
2009,5,-1.49,13.88,15.65,7.34,16.61,20.08,-3.5,390.36,0.7167
2009,6,2.15,15.67,16.68,9.74,18.21,17.89,-6.35,389.7,0.7167
2009,7,6.11,18.11,19,11.14,20.31,17.19,-12.01,388.24,0.7167
2009,8,4.43,18.48,20.1,10.54,22.11,16.49,-8.67,386.29,0.7167
2009,9,1.2,14.99,15.96,7.94,21.71,16.54,-8.37,384.95,0.7167
2009,10,-4.36,10.72,9.68,2.84,20.88,17.44,-6.17,384.64,0.7167
2009,11,-3.65,9.5,7.29,1.24,17.22,17.99,-3.28,386.23,0.7167
2009,12,-5.47,2.26,1,-0.02,15.11,19.54,0.65,387.63,0.7167
2010,1,-7.96,-0.42,-2.03,1.05,15.28,20.64,1.84,388.91,0.7578
2010,2,-10.98,1.63,0.75,-1.89,14.37,21.89,1.38,390.41,0.7578
2010,3,-14.33,6.47,4.9,2.07,14.45,22.33,-1.64,391.37,0.7578
2010,4,-7.9,9.75,10.19,1.53,14.97,20.69,-3.79,392.67,0.7578
2010,5,0.08,10.52,11.61,6.53,17.2,19.59,-4.1,393.21,0.7578
2010,6,3.04,16.47,16.98,11.23,19.29,17.93,-3.9,392.38,0.7578
2010,7,5.89,19.9,20.34,11.13,21.51,16.64,-8.04,390.41,0.7578
2010,8,3.5,16.82,17.46,11.53,22.41,16.58,-9.11,388.54,0.7578
2010,9,1.22,13.58,13.43,9.73,21.41,16.24,-4.39,387.03,0.7578
2010,10,-3.4,10.43,8.98,5.35,19.64,16.69,-2.34,387.43,0.7578
2010,11,-12.04,5.84,5.19,-0.51,17.33,17.79,-0.7,388.87,0.7578
2010,12,-10.98,-1.12,-0.91,0.58,15.27,18.94,-0.05,389.99,0.7578
2011,1,-14.07,3.55,1.1,0.5,14.77,20.44,1.07,391.5,0.7842
2011,2,-11.13,4.61,2.9,0.95,15.05,21.39,1.27,392.05,0.7842
2011,3,-12.78,6.08,6.88,0.22,14.55,21.78,-0.3,392.8,0.7842
2011,4,-5.44,13.15,12.77,5.63,15,20.84,-4.51,393.44,0.7842
2011,5,-1.58,14,15.31,5.23,15.9,19.29,-3.15,394.41,0.7842
2011,6,3.95,16.15,17.11,6.73,18.6,17.74,-7.61,393.95,0.7842
2011,7,6.56,15.92,16.93,12.03,21.2,16.79,-10.34,392.72,0.7842
2011,8,5.91,16.92,19.73,9.93,23.3,16.09,-9.27,390.33,0.7842
2011,9,3.22,15.67,16.97,7.93,22.16,16.18,-9.66,389.28,0.7842
2011,10,-3.47,11.45,9.94,4.38,20.4,16.64,-5.42,389.19,0.7842
2011,11,-6.93,7.22,5.45,2.93,16.47,16.73,-2.48,390.48,0.7842
2011,12,-7.01,6.51,3.69,-3.33,14.51,17.24,0.91,392.06,0.7842
2012,1,-3.69,4.91,2.13,1.63,13.24,18.64,0.59,393.31,0.795
2012,2,-6.89,0.83,-3.39,3.39,13.04,20.79,-0.78,394.04,0.795
2012,3,-5.81,8.32,8.61,3.13,15.4,21.54,-0.75,394.59,0.795
2012,4,-10.09,8.41,9.22,2.23,NA,20.39,-2.46,396.38,0.795
2012,5,-1.95,14.48,14.65,5.93,17.1,19.53,-2.83,396.93,0.795
2012,6,4.01,14.9,17.79,8.93,17.88,16.34,-10.06,395.91,0.795
2012,7,5.93,17.28,18.29,13.94,20.8,16.34,-8.41,394.56,0.795
2012,8,4.65,18.49,19.86,12.13,NA,15.44,-6.28,392.59,0.795
2012,9,2.05,14.18,14.66,6.03,NA,15.44,-5.77,391.32,0.795
2012,10,-3.59,10.53,10.06,2.03,NA,15.59,-7.3,391.27,0.795
2012,11,-7.59,6.87,5.87,-0.34,15.89,16.44,-4.45,393.2,0.795
2012,12,-8.5,5.07,1.97,-0.33,16.06,18.44,-0.29,394.57,0.795
2013,1,-8.32,2.05,0.55,2.09,13.9,20.19,1.81,395.78,0.8023
2013,2,-10.9,1.69,-1.32,2.43,12.9,21.29,0.91,397.03,0.8023
2013,3,-13.31,2.48,2.86,0,14.86,21.78,0.74,397.66,0.8023
2013,4,-9.42,8.16,9.13,-0.37,13.79,21.04,-1.85,398.64,0.8023
2013,5,-1.45,11.52,11.52,5.73,15.99,19.64,-5.36,400.02,0.8023
2013,6,3.34,15.28,16.26,11.43,19.22,17.59,-9.18,398.81,0.8023
2013,7,5.78,19.22,21.06,11.23,20.49,16.54,-10.25,397.51,0.8023
2013,8,5.51,18.1,19.08,12.18,22.09,15.69,-9.7,395.39,0.8023
2013,9,3.29,14.48,15.13,6.43,21.39,15.74,-9.15,393.72,0.8023
2013,10,-6.18,12.2,11.75,3.6,19.95,16.14,-5.6,393.9,0.8023
2013,11,-9.23,6.76,4.01,1.49,17.71,17.18,-4.71,395.36,0.8023
2013,12,-8.96,5.95,1.99,-1.13,16.01,19.14,-1.91,397.03,0.8023
2014,1,-5.3,5.67,3.22,2.14,14.38,20.38,1.11,398.04,0.8066
2014,2,-2.91,6.52,4.43,-0.18,13.83,21.99,-0.39,398.27,0.8066
2014,3,-9.49,8.43,7.71,1.42,14.83,21.54,-2.01,399.91,0.8066
2014,4,-10.66,12.13,11.2,3.62,15.08,21.04,-1.3,401.51,0.8066
2014,5,-3.09,13.26,12.92,7.52,18.13,20.09,-3.3,401.96,0.8066
2014,6,2.33,16.2,18.24,12.22,19.18,17.73,-5.6,401.43,0.8066
2014,7,5.49,19.77,18.04,13.42,21.28,16.14,-6.7,399.27,0.8066
2014,8,4.29,16.11,16.9,10.92,23.08,15.74,-8.65,397.18,0.8066
2014,9,0.36,15.87,15.84,10.02,20.38,16.14,-7.33,395.54,0.8066
2014,10,-2.49,13.45,12.84,3.07,19.28,16.29,-5.7,396.16,0.8066
2014,11,-7.91,8.19,6.87,3.47,16.23,17.63,-3.8,397.4,0.8066
2014,12,-9.26,4.87,3.06,-1.08,15.18,18.69,-0.55,399.08,0.8066
2015,1,-6.29,4.04,2.14,-1.03,14.23,21.24,1,400.18,0.8052
2015,2,-14.02,3.51,-0.12,-0.23,14.38,21.78,0.5,400.55,0.8052
2015,3,-6.66,6.18,6.69,1.42,14.68,21.74,-0.9,401.74,0.8052
2015,4,-5.89,9.01,10.13,2.62,15.03,21.09,-2.05,403.35,0.8052
2015,5,-1.73,12.38,13.79,4.02,17.13,19.79,-5.85,404.15,0.8052
2015,6,4.1,15.62,18.34,9.07,19.43,17.44,-12.8,402.97,0.8052
2015,7,6.75,18.4,22.39,9.12,20.78,16.29,-15.2,401.46,0.8052
2015,8,5.95,18.47,20.84,10.67,21.78,16.04,-12.1,399.11,0.8052
2015,9,1.7,13.42,13.69,10.07,20.23,16.34,-13.3,397.82,0.8052
2015,10,-2.2,9.91,9.49,5.37,20.23,16.94,-3.85,398.49,0.8052
2015,11,-4.2,9.9,8.04,1.22,15.53,17.39,-3.2,400.27,0.8052
2015,12,-7.25,9.65,4.69,-2.08,14.02,19.34,-0.45,402.06,0.8052
2016,1,-4.8,4.8,2.84,-2.28,12.77,20.59,0.55,402.73,0.805
2016,2,-7.25,4.6,4.19,-2.93,14.17,22.14,0.6,404.25,0.805
2016,3,-7.75,5.38,5.04,1.57,13.17,21.59,-0.85,405.06,0.805
2016,4,-7,8.7,9.34,3.42,14.42,21.24,-5.45,407.6,0.805
2016,5,1.15,14.53,13.14,7.32,16.56,19.84,-2.3,407.9,0.805
2016,6,3.95,16.84,16.94,12.52,19.32,18.99,-3.15,406.99,0.805
2016,7,7.1,18.39,19.79,11.32,NA,17.44,-10.25,404.59,0.805
2016,8,4.55,17.9,19.44,11.57,23.27,17.14,-13.7,402.45,0.805
2016,9,3.15,17.28,17.54,8.52,22.27,16.54,-4.8,401.23,0.805
2016,10,1.95,9.91,8.84,7.92,19.27,17.09,-2.35,401.79,0.805
2016,11,-1.78,5.43,5.09,3.17,16.67,17.74,-3.15,403.72,0.805
2016,12,-6.85,4.69,0.94,3.17,14.27,19.19,0.55,404.64,0.805
2017,1,-11.91,1.58,-2.91,0.57,13.87,21.04,1.25,406.36,0.8182
2017,2,-8,5.07,4.09,2.97,13.82,20.89,1.7,406.66,0.8182
2017,3,-12.5,8.61,8.84,0.62,14.87,21.14,1.4,407.54,0.8182
2017,4,-8.5,8.58,9.04,3.22,15.07,20.64,-2.6,409.22,0.8182
2017,5,-4.05,14.99,15.09,9.22,16.22,20.29,-2.3,409.89,0.8182
2017,6,3.7,18.06,20.24,9.37,18.32,18.34,-5.75,409.08,0.8182
2017,7,6.25,17.63,19.89,12.97,21.42,17.34,-7.75,407.33,0.8182
2017,8,4.6,17.07,20.04,10.22,22.22,17.44,-6.3,405.32,0.8182
2017,9,5.05,13.67,13.74,10.67,NA,16.69,-12.45,403.57,0.8182
2017,10,0.4,13.42,11.69,6.42,NA,16.24,-5.4,403.82,0.8182
2017,11,-4.5,7.12,4.89,-1.28,NA,17.54,-1.75,405.31,0.8182
2017,12,-5.5,4.81,1.49,-1.68,NA,18.34,1.3,407,0.8182
2018,1,-5.2,5.51,4.79,-1.43,NA,18.79,1.75,408.15,0.8355
2018,2,-4.95,0.91,-1.21,1.02,NA,20.84,1.65,408.52,0.8355
2018,3,-12.15,4.76,4.09,0.97,NA,21.19,-0.5,409.59,0.8355
2018,4,-8.25,11.86,13.79,3.77,NA,20.94,-1.85,410.45,0.8355
2018,5,1.8,16.06,15.89,7.97,NA,19.44,-4.55,411.44,0.8355
2018,6,3.6,17.43,18.84,11.42,NA,18.19,-5.7,410.99,0.8355
2018,7,6.3,20.06,21.44,12.22,NA,16.89,-9.4,408.9,0.8355
2018,8,5.8,18.06,21.49,10.62,NA,16.24,-10.1,407.16,0.8355
2018,9,0.5,14.61,16.84,7.72,NA,16.14,-9,405.71,0.8355
2018,10,-1.8,12.06,11.79,3.72,NA,16.99,-3.45,406.19,0.8355
2018,11,-4.2,6.91,5.49,1.77,NA,17.64,-1.2,408.21,0.8355
2018,12,-6.9,5.91,3.49,1.01,NA,19.2,-0.1,409.27,0.8355
2019,1,-9.6,3.46,0.14,-0.84,NA,20.9,0.6,411.03,0.8435
2019,2,-11,6.31,4.34,-1.14,NA,22.15,-0.1,411.96,0.8435
2019,3,-11.85,7.86,7.54,0.31,15.13,22.4,-0.2,412.18,0.8435
2019,4,-3.75,10.71,9.69,7.66,15.23,20.85,-2.5,413.54,0.8435
2019,5,-1.85,11.31,10.94,6.76,17.58,20.35,-6.2,414.86,0.8435
2019,6,3.6,17.71,19.79,10.11,19.23,19.05,-5.65,414.15,0.8435
2019,7,7.55,18.46,20.94,12.51,21.58,17.85,-8.75,411.96,0.8435
2019,8,4.9,18.26,19.44,10.01,22.28,17.25,-9.75,410.17,0.8435
2019,9,2.75,14.31,15.49,9.21,21.93,17,-10.25,408.76,0.8435
2019,10,-4.2,11.66,12.04,3.31,19.78,17.55,-5.8,408.74,0.8435
2019,11,-7,6.41,5.69,-0.49,NA,18.8,-2.95,410.47,0.8435
2019,12,-9.9,5.71,3.84,-0.54,16.18,19.75,0.95,411.97,0.8435
2020,1,-12.45,5.96,2.74,0.11,15.63,21.25,2.7,413.59,0.7996
2020,2,-15.6,7.06,6.54,-1.04,14.98,21.6,2.6,414.32,0.7996
2020,3,-17.05,6.66,6.29,0.11,15.08,22.1,0.05,414.72,0.7996
2020,4,-9.05,10.81,13.04,4.16,16.03,21.2,-3,416.42,0.7996
2020,5,-0.15,12.46,13.64,7.11,17.18,20.5,-2.75,417.28,0.7996
2020,6,3.95,17.41,16.89,11.81,18.48,18.2,-4.35,416.58,0.7996
2020,7,8.34,16.51,20.14,10.61,21.08,17.5,-9.1,414.58,0.7996
2020,8,6.38,20.26,20.09,12.76,22.98,16.2,-9.2,412.75,0.7996
2020,9,2.46,15.21,16.69,7.86,21.38,15.6,-9.15,411.5,0.7996
2020,10,-2.17,11.26,9.84,4.86,19.53,16.3,-4.4,411.49,0.7996
2020,11,-3.84,8.76,4.29,1.06,16.08,17.35,-0.95,413.1,0.7996
2020,12,-7.86,5.36,2.15,-0.59,14.92,18.35,-0.25,414.23,0.7996
2021,1,-8.08,3.21,3.85,-2.39,15.07,19.9,1.4,415.49,0.8385
2021,2,-6.26,4.36,4.25,-0.24,13.72,20.85,1.25,416.72,0.8385
2021,3,-9.57,6.21,5.9,2.06,14.57,21.55,-1.15,417.61,0.8385
2021,4,-6.85,6.41,7.35,3.46,15.92,21.6,-3,419.01,0.8385
2021,5,-3.86,10.91,11.1,4.76,17.12,20.25,-3.95,419.09,0.8385
2021,6,2.64,17.61,19.4,10.41,18.97,19.3,-6.2,418.93,0.8385
2021,7,5.34,17.76,18.4,14.81,21.47,17.75,-7,416.9,0.8385
2021,8,5.73,16.81,17.6,14.61,23.07,16.55,-9.5,414.42,0.8385
2021,9,4.02,16.01,16.6,8.91,21.77,16.35,-4.3,413.26,0.8385
2021,10,-3.5,11.56,10.2,3.11,20.87,17.05,-2.7,413.9,0.8385
2021,11,-9.95,7.26,4,0.56,18.72,17.75,-1.15,414.97,0.8385
2021,12,-6.17,5.16,2.75,-1.14,15.72,19.05,0.3,416.67,0.8385
2022,1,-9.54,5.06,1.95,0.11,15.12,21.1,1.6,418.13,0.8535
2022,2,-12.45,6.66,4.85,-2.99,14.67,22.25,1.45,419.24,0.8535
2022,3,-7.95,7.16,7.65,2.31,14.87,22.25,-0.65,418.76,0.8535
2022,4,-9.23,9.01,9.45,4.76,15.42,21.15,-2.6,420.19,0.8535
2022,5,-2.26,13.66,16.35,6.81,16.67,19.15,-2.5,420.97,0.8535
2022,6,5.92,16.51,19.8,10.16,18.82,18.15,-4.8,420.94,0.8535
2022,7,7.84,17.76,21.5,11.76,21.57,16.45,-4.35,418.85,0.8535
2022,8,5.17,19.51,20.9,10.31,22.72,15.9,-3.3,417.15,0.8535
2022,9,3.1,14.71,14.65,9.66,22.47,16.2,-2.25,415.91,0.8535
2022,10,-1.79,12.76,14.25,3.31,19.32,16.8,-3.5,415.74,0.8535
2022,11,-2,8.41,7.4,4.21,17.32,18.3,-0.55,417.47,0.8535
2022,12,-8.55,3.75,2.75,-5.3,15.06,19.55,0.5,418.99,0.8535
2023,1,-4.18,5.65,2.95,-1.75,14.46,21.15,1.8,419.47,0.8664
2023,2,-7.19,5.45,4.05,2.1,14.11,21.55,1.05,420.31,0.8664
2023,3,-13.4,6.95,7.25,-3.95,15.66,21.4,-0.45,420.99,0.8664
2023,4,-5.02,8.65,8.55,5.1,16.06,21,-2.2,423.31,0.8664
2023,5,-1.6,13.3,14.2,8.9,17.86,19.45,-2.9,424,0.8664
2023,6,4.09,18.85,20.22,13.1,19.81,17.65,-5.6,423.68,0.8664
2023,7,7.74,17.95,20.75,10,21.61,16.75,-5,421.83,0.8664
2023,8,6.65,17.6,20.35,12.4,23.36,16,-10.15,419.68,0.8664
2023,9,-0.7,17.55,18.92,8.55,21.76,15.55,-9.1,418.5,0.8664
2023,10,-3.5,13.2,13.45,3,20.66,16.2,-5.55,418.82,0.8664
2023,11,-6.95,7.75,6.05,0.2,18.26,18.55,-2.05,420.46,0.8664
2023,12,-6,6.55,3.9,-4,16.16,19.85,0.25,421.86,0.8664
2024,1,-10.05,3.9,2.35,-2.02,15.81,21.6,1.5,422.8,0.8779
2024,2,-8.21,8.05,7.05,-3.62,16.36,22.4,NA,424.55,0.8779
2024,3,-13.18,8.86,8.36,-0.71,15.01,22.65,-0.5,425.38,0.8779
2024,4,-7.1,10.75,10.25,-0.37,16.66,21.95,-2.9,426.51,0.8779
2024,5,-0.85,15.4,14.2,8,18.06,20.4,-4.2,426.9,0.8779
2024,6,5.7,15.4,17.85,8.75,20.11,18.35,-8.7,426.91,0.8779
2024,7,7.65,17.6,20.55,13.3,22.66,17.15,-7.95,425.55,0.8779
2024,8,8.6,19.25,21.45,9.85,24.26,16.4,-11.45,422.99,0.8779
2024,9,3.25,15.95,14.8,6.3,22.76,16.5,-8.55,422.03,0.8779
2024,10,-0.95,11.9,11.86,1.15,20.71,16.9,-4.55,422.38,0.8779
2024,11,-5.21,6.71,5.49,1,18.66,17.9,-1.85,423.85,0.8779
2024,12,-8.4,6,1.8,-2.15,16.35,19.05,0.75,425.4,0.8779
2025,1,-8.2,3.4,2.29,-3.2,16.6,20.4,1.55,426.65,NA
2025,2,-3.35,4,2.95,2.05,15.35,21.35,0.6,427.09,NA
2025,3,-10.54,7.15,7.8,2.4,13.9,21.2,-0.65,428.15,NA
2025,4,-11.15,11.3,11.51,5.25,14.9,20.85,0.45,429.64,NA
2025,5,-0.7,13.4,13.88,10.6,17,19.7,-2.65,430.51,NA
2025,6,4.7,17.8,20.84,8.65,20.05,18.05,-1.65,429.61,NA
2025,7,7.2,18.65,19.09,14.2,21.65,16.65,-4.6,427.87,NA
2025,8,7.81,18.07,20.14,12.8,22.9,15.95,-3.85,425.48,NA
2025,9,3.51,15.01,15.2,9.15,21.25,16.85,-3.25,424.37,NA
2025,10,-0.21,12,10.07,3.6,20.7,16.7,-2.2,424.87,NA
2025,11,-5.82,7.64,5.22,-1.2,16.65,17.55,-0.8,426.46,NA
2025,12,-5.76,5.77,2.17,2.35,15.1,19.1,2.5,427.49,NA
