atmospheric_CO2,CO2_emissions
999,0.0195
999,0.0195
999,0.0195
999,0.0195
999,0.0195
999,0.0195
999,0.0195
999,0.0195
999,0.0195
999,0.0195
999,0.0195
999,0.0195
999,0.0202
999,0.0202
999,0.0202
999,0.0202
999,0.0202
999,0.0202
999,0.0202
999,0.0202
999,0.0202
999,0.0202
999,0.0202
999,0.0202
999,0.0213
999,0.0213
999,0.0213
999,0.0213
999,0.0213
999,0.0213
999,0.0213
999,0.0213
999,0.0213
999,0.0213
999,0.0213
999,0.0213
999,0.0227
999,0.0227
999,0.0227
999,0.0227
999,0.0227
999,0.0227
999,0.0227
999,0.0227
999,0.0227
999,0.0227
999,0.0227
999,0.0227
999,0.023
999,0.023
999,0.023
999,0.023
999,0.023
999,0.023
999,0.023
999,0.023
999,0.023
999,0.023
999,0.023
999,0.023
999,0.0231
999,0.0231
999,0.0231
999,0.0231
999,0.0231
999,0.0231
999,0.0231
999,0.0231
999,0.0231
999,0.0231
999,0.0231
999,0.0231
999,0.0235
999,0.0235
999,0.0235
999,0.0235
999,0.0235
999,0.0235
999,0.0235
999,0.0235
999,0.0235
999,0.0235
999,0.0235
999,0.0235
999,0.0247
999,0.0247
999,0.0247
999,0.0247
999,0.0247
999,0.0247
999,0.0247
999,0.0247
999,0.0247
999,0.0247
999,0.0247
999,0.0247
999,0.0273
999,0.0273
999,0.0273
999,0.0273
999,0.0273
999,0.0273
999,0.0273
999,0.0273
999,0.0273
999,0.0273
999,0.0273
999,0.0273
999,0.0273
999,0.0273
999,0.0273
999,0.0273
999,0.0273
999,0.0273
999,0.0273
999,0.0273
999,0.0273
999,0.0273
999,0.0273
999,0.0273
999,0.0297
999,0.0297
999,0.0297
999,0.0297
999,0.0297
999,0.0297
999,0.0297
999,0.0297
999,0.0297
999,0.0297
999,0.0297
999,0.0297
999,0.0311
999,0.0311
999,0.0311
999,0.0311
999,0.0311
999,0.0311
999,0.0311
999,0.0311
999,0.0311
999,0.0311
999,0.0311
999,0.0311
999,0.0314
999,0.0314
999,0.0314
999,0.0314
999,0.0314
999,0.0314
999,0.0314
999,0.0314
999,0.0314
999,0.0314
999,0.0314
999,0.0314
999,0.031
999,0.031
999,0.031
999,0.031
999,0.031
999,0.031
999,0.031
999,0.031
999,0.031
999,0.031
999,0.031
999,0.031
999,0.0321
999,0.0321
999,0.0321
999,0.0321
999,0.0321
999,0.0321
999,0.0321
999,0.0321
999,0.0321
999,0.0321
999,0.0321
999,0.0321
999,0.034
999,0.034
999,0.034
999,0.034
999,0.034
999,0.034
999,0.034
999,0.034
999,0.034
999,0.034
999,0.034
999,0.034
999,0.0351
999,0.0351
999,0.0351
999,0.0351
999,0.0351
999,0.0351
999,0.0351
999,0.0351
999,0.0351
999,0.0351
999,0.0351
999,0.0351
999,0.0368
999,0.0368
999,0.0368
999,0.0368
999,0.0368
999,0.0368
999,0.0368
999,0.0368
999,0.0368
999,0.0368
999,0.0368
999,0.0368
999,0.0388
999,0.0388
999,0.0388
999,0.0388
999,0.0388
999,0.0388
999,0.0388
999,0.0388
999,0.0388
999,0.0388
999,0.0388
999,0.0388
999,0.0424
999,0.0424
999,0.0424
999,0.0424
999,0.0424
999,0.0424
999,0.0424
999,0.0424
999,0.0424
999,0.0424
999,0.0424
999,0.0424
999,0.0446
999,0.0446
999,0.0446
999,0.0446
999,0.0446
999,0.0446
999,0.0446
999,0.0446
999,0.0446
999,0.0446
999,0.0446
999,0.0446
999,0.0461
999,0.0461
999,0.0461
999,0.0461
999,0.0461
999,0.0461
999,0.0461
999,0.0461
999,0.0461
999,0.0461
999,0.0461
999,0.0461
999,0.0472
999,0.0472
999,0.0472
999,0.0472
999,0.0472
999,0.0472
999,0.0472
999,0.0472
999,0.0472
999,0.0472
999,0.0472
999,0.0472
999,0.0515
999,0.0515
999,0.0515
999,0.0515
999,0.0515
999,0.0515
999,0.0515
999,0.0515
999,0.0515
999,0.0515
999,0.0515
999,0.0515
999,0.0521
999,0.0521
999,0.0521
999,0.0521
999,0.0521
999,0.0521
999,0.0521
999,0.0521
999,0.0521
999,0.0521
999,0.0521
999,0.0521
999,0.0555
999,0.0555
999,0.0555
999,0.0555
999,0.0555
999,0.0555
999,0.0555
999,0.0555
999,0.0555
999,0.0555
999,0.0555
999,0.0555
999,0.058
999,0.058
999,0.058
999,0.058
999,0.058
999,0.058
999,0.058
999,0.058
999,0.058
999,0.058
999,0.058
999,0.058
999,0.0661
999,0.0661
999,0.0661
999,0.0661
999,0.0661
999,0.0661
999,0.0661
999,0.0661
999,0.0661
999,0.0661
999,0.0661
999,0.0661
999,0.0635
999,0.0635
999,0.0635
999,0.0635
999,0.0635
999,0.0635
999,0.0635
999,0.0635
999,0.0635
999,0.0635
999,0.0635
999,0.0635
999,0.0661
999,0.0661
999,0.0661
999,0.0661
999,0.0661
999,0.0661
999,0.0661
999,0.0661
999,0.0661
999,0.0661
999,0.0661
999,0.0661
999,0.0694
999,0.0694
999,0.0694
999,0.0694
999,0.0694
999,0.0694
999,0.0694
999,0.0694
999,0.0694
999,0.0694
999,0.0694
999,0.0694
999,0.0704
999,0.0704
999,0.0704
999,0.0704
999,0.0704
999,0.0704
999,0.0704
999,0.0704
999,0.0704
999,0.0704
999,0.0704
999,0.0704
999,0.074
999,0.074
999,0.074
999,0.074
999,0.074
999,0.074
999,0.074
999,0.074
999,0.074
999,0.074
999,0.074
999,0.074
999,0.0802
999,0.0802
999,0.0802
999,0.0802
999,0.0802
999,0.0802
999,0.0802
999,0.0802
999,0.0802
999,0.0802
999,0.0802
999,0.0802
999,0.0727
999,0.0727
999,0.0727
999,0.0727
999,0.0727
999,0.0727
999,0.0727
999,0.0727
999,0.0727
999,0.0727
999,0.0727
999,0.0727
999,0.0716
999,0.0716
999,0.0716
999,0.0716
999,0.0716
999,0.0716
999,0.0716
999,0.0716
999,0.0716
999,0.0716
999,0.0716
999,0.0716
999,0.0773
999,0.0773
999,0.0773
999,0.0773
999,0.0773
999,0.0773
999,0.0773
999,0.0773
999,0.0773
999,0.0773
999,0.0773
999,0.0773
999,0.0809
999,0.0809
999,0.0809
999,0.0809
999,0.0809
999,0.0809
999,0.0809
999,0.0809
999,0.0809
999,0.0809
999,0.0809
999,0.0809
999,0.0797
999,0.0797
999,0.0797
999,0.0797
999,0.0797
999,0.0797
999,0.0797
999,0.0797
999,0.0797
999,0.0797
999,0.0797
999,0.0797
999,0.0692
999,0.0692
999,0.0692
999,0.0692
999,0.0692
999,0.0692
999,0.0692
999,0.0692
999,0.0692
999,0.0692
999,0.0692
999,0.0692
999,0.0807
999,0.0807
999,0.0807
999,0.0807
999,0.0807
999,0.0807
999,0.0807
999,0.0807
999,0.0807
999,0.0807
999,0.0807
999,0.0807
999,0.0708
999,0.0708
999,0.0708
999,0.0708
999,0.0708
999,0.0708
999,0.0708
999,0.0708
999,0.0708
999,0.0708
999,0.0708
999,0.0708
999,0.0743
999,0.0743
999,0.0743
999,0.0743
999,0.0743
999,0.0743
999,0.0743
999,0.0743
999,0.0743
999,0.0743
999,0.0743
999,0.0743
999,0.0842
999,0.0842
999,0.0842
999,0.0842
999,0.0842
999,0.0842
999,0.0842
999,0.0842
999,0.0842
999,0.0842
999,0.0842
999,0.0842
999,0.0845
999,0.0845
999,0.0845
999,0.0845
999,0.0845
999,0.0845
999,0.0845
999,0.0845
999,0.0845
999,0.0845
999,0.0845
999,0.0845
999,0.0851
999,0.0851
999,0.0851
999,0.0851
999,0.0851
999,0.0851
999,0.0851
999,0.0851
999,0.0851
999,0.0851
999,0.0851
999,0.0851
999,0.0836
999,0.0836
999,0.0836
999,0.0836
999,0.0836
999,0.0836
999,0.0836
999,0.0836
999,0.0836
999,0.0836
999,0.0836
999,0.0836
999,0.0913
999,0.0913
999,0.0913
999,0.0913
999,0.0913
999,0.0913
999,0.0913
999,0.0913
999,0.0913
999,0.0913
999,0.0913
999,0.0913
999,0.0909
999,0.0909
999,0.0909
999,0.0909
999,0.0909
999,0.0909
999,0.0909
999,0.0909
999,0.0909
999,0.0909
999,0.0909
999,0.0909
999,0.0975
999,0.0975
999,0.0975
999,0.0975
999,0.0975
999,0.0975
999,0.0975
999,0.0975
999,0.0975
999,0.0975
999,0.0975
999,0.0975
999,0.09
999,0.09
999,0.09
999,0.09
999,0.09
999,0.09
999,0.09
999,0.09
999,0.09
999,0.09
999,0.09
999,0.09
999,0.0805
999,0.0805
999,0.0805
999,0.0805
999,0.0805
999,0.0805
999,0.0805
999,0.0805
999,0.0805
999,0.0805
999,0.0805
999,0.0805
999,0.0726
999,0.0726
999,0.0726
999,0.0726
999,0.0726
999,0.0726
999,0.0726
999,0.0726
999,0.0726
999,0.0726
999,0.0726
999,0.0726
999,0.0765
999,0.0765
999,0.0765
999,0.0765
999,0.0765
999,0.0765
999,0.0765
999,0.0765
999,0.0765
999,0.0765
999,0.0765
999,0.0765
999,0.0832
999,0.0832
999,0.0832
999,0.0832
999,0.0832
999,0.0832
999,0.0832
999,0.0832
999,0.0832
999,0.0832
999,0.0832
999,0.0832
999,0.0872
999,0.0872
999,0.0872
999,0.0872
999,0.0872
999,0.0872
999,0.0872
999,0.0872
999,0.0872
999,0.0872
999,0.0872
999,0.0872
999,0.0957
999,0.0957
999,0.0957
999,0.0957
999,0.0957
999,0.0957
999,0.0957
999,0.0957
999,0.0957
999,0.0957
999,0.0957
999,0.0957
999,0.1023
999,0.1023
999,0.1023
999,0.1023
999,0.1023
999,0.1023
999,0.1023
999,0.1023
999,0.1023
999,0.1023
999,0.1023
999,0.1023
999,0.0962
999,0.0962
999,0.0962
999,0.0962
999,0.0962
999,0.0962
999,0.0962
999,0.0962
999,0.0962
999,0.0962
999,0.0962
999,0.0962
999,0.1017
999,0.1017
999,0.1017
999,0.1017
999,0.1017
999,0.1017
999,0.1017
999,0.1017
999,0.1017
999,0.1017
999,0.1017
999,0.1017
999,0.1111
999,0.1111
999,0.1111
999,0.1111
999,0.1111
999,0.1111
999,0.1111
999,0.1111
999,0.1111
999,0.1111
999,0.1111
999,0.1111
999,0.1137
999,0.1137
999,0.1137
999,0.1137
999,0.1137
999,0.1137
999,0.1137
999,0.1137
999,0.1137
999,0.1137
999,0.1137
999,0.1137
999,0.1133
999,0.1133
999,0.1133
999,0.1133
999,0.1133
999,0.1133
999,0.1133
999,0.1133
999,0.1133
999,0.1133
999,0.1133
999,0.1133
999,0.1154
999,0.1154
999,0.1154
999,0.1154
999,0.1154
999,0.1154
999,0.1154
999,0.1154
999,0.1154
999,0.1154
999,0.1154
999,0.1154
999,0.1174
999,0.1174
999,0.1174
999,0.1174
999,0.1174
999,0.1174
999,0.1174
999,0.1174
999,0.1174
999,0.1174
999,0.1174
999,0.1174
999,0.0976
999,0.0976
999,0.0976
999,0.0976
999,0.0976
999,0.0976
999,0.0976
999,0.0976
999,0.0976
999,0.0976
999,0.0976
999,0.0976
999,0.1048
999,0.1048
999,0.1048
999,0.1048
999,0.1048
999,0.1048
999,0.1048
999,0.1048
999,0.1048
999,0.1048
999,0.1048
999,0.1048
999,0.1175
999,0.1175
999,0.1175
999,0.1175
999,0.1175
999,0.1175
999,0.1175
999,0.1175
999,0.1175
999,0.1175
999,0.1175
999,0.1175
999,0.1239
999,0.1239
999,0.1239
999,0.1239
999,0.1239
999,0.1239
999,0.1239
999,0.1239
999,0.1239
999,0.1239
999,0.1239
999,0.1239
999,0.1184
999,0.1184
999,0.1184
999,0.1184
999,0.1184
999,0.1184
999,0.1184
999,0.1184
999,0.1184
999,0.1184
999,0.1184
999,0.1184
999,0.1349
999,0.1349
999,0.1349
999,0.1349
999,0.1349
999,0.1349
999,0.1349
999,0.1349
999,0.1349
999,0.1349
999,0.1349
999,0.1349
999,0.1451
999,0.1451
999,0.1451
999,0.1451
999,0.1451
999,0.1451
999,0.1451
999,0.1451
999,0.1451
999,0.1451
999,0.1451
999,0.1451
999,0.1471
999,0.1471
999,0.1471
999,0.1471
999,0.1471
999,0.1471
999,0.1471
999,0.1471
999,0.1471
999,0.1471
999,0.1471
999,0.1471
999,0.1513
999,0.1513
999,0.1513
999,0.1513
999,0.1513
999,0.1513
999,0.1513
999,0.1513
999,0.1513
999,0.1513
999,0.1513
999,0.1513
999,0.1544
999,0.1544
999,0.1544
999,0.1544
999,0.1544
999,0.1544
999,0.1544
999,0.1544
999,0.1544
999,0.1544
999,0.1544
999,0.1544
999,0.1693
999,0.1693
999,0.1693
999,0.1693
999,0.1693
999,0.1693
999,0.1693
999,0.1693
999,0.1693
999,0.1693
999,0.1693
999,0.1693
999,0.1803
999,0.1803
999,0.1803
999,0.1803
999,0.1803
999,0.1803
999,0.1803
999,0.1803
999,0.1803
999,0.1803
999,0.1803
999,0.1803
999,0.1862
999,0.1862
999,0.1862
999,0.1862
999,0.1862
999,0.1862
999,0.1862
999,0.1862
999,0.1862
999,0.1862
999,0.1862
999,0.1862
999,0.1914
999,0.1914
999,0.1914
999,0.1914
999,0.1914
999,0.1914
999,0.1914
999,0.1914
999,0.1914
999,0.1914
999,0.1914
999,0.1914
315.58,0.2014
316.49,0.2014
316.65,0.2014
317.72,0.2014
318.29,0.2014
318.15,0.2014
316.54,0.2014
314.8,0.2014
313.84,0.2014
313.33,0.2014
314.81,0.2014
315.58,0.2014
316.43,0.2135
316.98,0.2135
317.58,0.2135
319.03,0.2135
320.03,0.2135
319.58,0.2135
318.18,0.2135
315.9,0.2135
314.17,0.2135
313.83,0.2135
315,0.2135
316.19,0.2135
316.89,0.2141
317.7,0.2141
318.54,0.2141
319.48,0.2141
320.58,0.2141
319.77,0.2141
318.56,0.2141
316.79,0.2141
314.99,0.2141
315.31,0.2141
316.1,0.2141
317.01,0.2141
317.94,0.2217
318.55,0.2217
319.68,0.2217
320.57,0.2217
321.02,0.2217
320.62,0.2217
319.61,0.2217
317.4,0.2217
316.24,0.2217
315.42,0.2217
316.69,0.2217
317.7,0.2217
318.74,0.2335
319.07,0.2335
319.86,0.2335
321.38,0.2335
322.24,0.2335
321.49,0.2335
319.74,0.2335
317.77,0.2335
316.21,0.2335
315.99,0.2335
317.07,0.2335
318.35,0.2335
319.57,0.2462
320.04,0.2462
320.75,0.2462
321.84,0.2462
322.25,0.2462
321.89,0.2462
320.44,0.2462
318.69,0.2462
316.71,0.2462
316.87,0.2462
317.68,0.2462
318.71,0.2462
319.44,0.2572
320.44,0.2572
320.89,0.2572
322.14,0.2572
322.17,0.2572
321.87,0.2572
321.21,0.2572
318.87,0.2572
317.82,0.2572
317.3,0.2572
318.87,0.2572
319.42,0.2572
320.62,0.2698
321.6,0.2698
322.39,0.2698
323.7,0.2698
324.08,0.2698
323.75,0.2698
322.37,0.2698
320.36,0.2698
318.64,0.2698
318.1,0.2698
319.78,0.2698
321.02,0.2698
322.33,0.2783
322.5,0.2783
323.03,0.2783
324.41,0.2783
325,0.2783
324.09,0.2783
322.54,0.2783
320.92,0.2783
319.25,0.2783
319.39,0.2783
320.73,0.2783
321.96,0.2783
322.57,0.2935
323.15,0.2935
323.89,0.2935
325.02,0.2935
325.57,0.2935
325.36,0.2935
324.14,0.2935
322.11,0.2935
320.33,0.2935
320.25,0.2935
321.32,0.2935
322.89,0.2935
324,0.313
324.41,0.313
325.63,0.313
326.66,0.313
327.38,0.313
326.71,0.313
325.88,0.313
323.66,0.313
322.38,0.313
321.78,0.313
322.85,0.313
324.11,0.313
325.06,0.3389
325.99,0.3389
326.93,0.3389
328.13,0.3389
328.08,0.3389
327.67,0.3389
326.34,0.3389
324.68,0.3389
323.1,0.3389
323.06,0.3389
324.01,0.3389
325.13,0.3389
326.17,0.3526
326.69,0.3526
327.18,0.3526
327.78,0.3526
328.93,0.3526
328.57,0.3526
327.36,0.3526
325.43,0.3526
323.36,0.3526
323.56,0.3526
324.8,0.3526
326.01,0.3526
326.77,0.369
327.63,0.369
327.75,0.369
329.72,0.369
330.07,0.369
329.09,0.369
328.04,0.369
326.32,0.369
324.84,0.369
325.2,0.369
326.5,0.369
327.55,0.369
328.55,0.3884
329.57,0.3884
330.3,0.3884
331.5,0.3884
332.48,0.3884
332.07,0.3884
330.87,0.3884
329.31,0.3884
327.52,0.3884
327.19,0.3884
328.17,0.3884
328.65,0.3884
329.36,0.3866
330.71,0.3866
331.49,0.3866
332.65,0.3866
333.19,0.3866
332.2,0.3866
331.07,0.3866
329.15,0.3866
327.33,0.3866
327.28,0.3866
328.31,0.3866
329.58,0.3866
330.73,0.3864
331.46,0.3864
331.94,0.3864
333.11,0.3864
333.95,0.3864
333.42,0.3864
331.97,0.3864
329.95,0.3864
328.49,0.3864
328.36,0.3864
329.38,0.3864
330.77,0.3864
331.56,0.4063
332.74,0.4063
333.36,0.4063
334.74,0.4063
334.72,0.4063
333.97,0.4063
333.08,0.4063
330.68,0.4063
328.96,0.4063
328.72,0.4063
330.16,0.4063
331.62,0.4063
332.68,0.4175
333.17,0.4175
334.96,0.4175
336.14,0.4175
336.93,0.4175
336.17,0.4175
334.89,0.4175
332.56,0.4175
331.29,0.4175
331.28,0.4175
332.46,0.4175
333.6,0.4175
334.94,0.4327
335.26,0.4327
336.66,0.4327
337.69,0.4327
338.02,0.4327
338.01,0.4327
336.5,0.4327
334.42,0.4327
332.36,0.4327
332.45,0.4327
333.76,0.4327
334.91,0.4327
336.14,0.4437
336.69,0.4437
338.27,0.4437
338.82,0.4437
339.24,0.4437
339.26,0.4437
337.54,0.4437
335.72,0.4437
333.97,0.4437
334.24,0.4437
335.32,0.4437
336.81,0.4437
337.9,0.4415
338.34,0.4415
340.07,0.4415
340.93,0.4415
341.45,0.4415
341.36,0.4415
339.45,0.4415
337.67,0.4415
336.25,0.4415
336.14,0.4415
337.3,0.4415
338.29,0.4415
339.29,0.4294
340.55,0.4294
341.63,0.4294
342.6,0.4294
343.04,0.4294
342.54,0.4294
340.82,0.4294
338.48,0.4294
336.95,0.4294
337.05,0.4294
338.58,0.4294
339.91,0.4294
340.93,0.426
341.76,0.426
342.78,0.426
343.96,0.426
344.77,0.426
343.88,0.426
342.42,0.426
340.24,0.426
338.37,0.426
338.41,0.426
339.44,0.426
340.78,0.426
341.57,0.4299
342.78,0.4299
343.37,0.4299
345.4,0.4299
346.14,0.4299
345.76,0.4299
344.32,0.4299
342.51,0.4299
340.46,0.4299
340.53,0.4299
341.79,0.4299
343.2,0.4299
344.21,0.4425
344.92,0.4425
345.68,0.4425
347.38,0.4425
347.77,0.4425
347.16,0.4425
345.79,0.4425
343.74,0.4425
341.59,0.4425
341.86,0.4425
343.31,0.4425
345,0.4425
345.48,0.4582
346.41,0.4582
347.91,0.4582
348.66,0.4582
349.28,0.4582
348.65,0.4582
346.9,0.4582
345.26,0.4582
343.47,0.4582
343.35,0.4582
344.73,0.4582
346.12,0.4582
346.78,0.4648
347.48,0.4648
348.25,0.4648
349.86,0.4648
350.52,0.4648
349.98,0.4648
348.25,0.4648
346.17,0.4648
345.48,0.4648
344.82,0.4648
346.22,0.4648
347.48,0.4648
348.73,0.48
348.92,0.48
349.81,0.48
351.4,0.48
352.15,0.48
351.58,0.48
350.21,0.48
348.2,0.48
346.66,0.48
346.72,0.48
348.08,0.48
349.28,0.48
350.51,0.4985
351.7,0.4985
352.5,0.4985
353.67,0.4985
354.35,0.4985
353.88,0.4985
352.8,0.4985
350.49,0.4985
348.97,0.4985
349.37,0.4985
350.42,0.4985
351.62,0.4985
353.07,0.5049
353.43,0.5049
354.08,0.5049
355.72,0.5049
355.95,0.5049
355.44,0.5049
354.05,0.5049
351.84,0.5049
350.09,0.5049
350.33,0.5049
351.55,0.5049
352.91,0.5049
353.86,0.517
355.1,0.517
355.75,0.517
356.38,0.517
357.38,0.517
356.39,0.517
354.89,0.517
353.06,0.517
351.38,0.517
351.69,0.517
353.14,0.517
354.41,0.517
354.93,0.5278
355.82,0.5278
357.33,0.5278
358.77,0.5278
359.23,0.5278
358.23,0.5278
356.3,0.5278
353.97,0.5278
352.34,0.5278
352.43,0.5278
353.89,0.5278
355.21,0.5278
356.34,0.5122
357.21,0.5122
357.97,0.5122
359.22,0.5122
359.71,0.5122
359.44,0.5122
357.15,0.5122
354.99,0.5122
353.01,0.5122
353.4,0.5122
354.42,0.5122
355.68,0.5122
357.1,0.5174
357.42,0.5174
358.59,0.5174
359.39,0.5174
360.3,0.5174
359.64,0.5174
357.45,0.5174
355.76,0.5174
354.14,0.5174
354.23,0.5174
355.53,0.5174
357.03,0.5174
358.36,0.5225
359.04,0.5225
360.11,0.5225
361.36,0.5225
361.78,0.5225
360.94,0.5225
359.51,0.5225
357.59,0.5225
355.86,0.5225
356.21,0.5225
357.65,0.5225
359.1,0.5225
360.04,0.5349
361,0.5349
361.98,0.5349
363.44,0.5349
363.83,0.5349
363.33,0.5349
361.78,0.5349
359.33,0.5349
358.32,0.5349
358.14,0.5349
359.61,0.5349
360.82,0.5349
362.2,0.5512
363.36,0.5512
364.28,0.5512
364.69,0.5512
365.25,0.5512
365.06,0.5512
363.69,0.5512
361.55,0.5512
359.69,0.5512
359.72,0.5512
361.04,0.5512
362.39,0.5512
363.24,0.5545
364.21,0.5545
364.65,0.5545
366.49,0.5545
366.77,0.5545
365.73,0.5545
364.46,0.5545
362.4,0.5545
360.44,0.5545
360.97,0.5545
362.65,0.5545
364.51,0.5545
365.39,0.5526
366.1,0.5526
367.36,0.5526
368.79,0.5526
369.56,0.5526
369.13,0.5526
367.98,0.5526
366.1,0.5526
364.16,0.5526
364.54,0.5526
365.67,0.5526
367.3,0.5526
368.35,0.5649
369.28,0.5649
369.84,0.5649
371.15,0.5649
371.12,0.5649
370.46,0.5649
369.61,0.5649
367.06,0.5649
364.95,0.5649
365.52,0.5649
366.88,0.5649
368.26,0.5649
369.45,0.5802
369.71,0.5802
370.75,0.5802
371.98,0.5802
371.74,0.5802
371.87,0.5802
370.02,0.5802
368.27,0.5802
367.15,0.5802
367.18,0.5802
368.53,0.5802
369.83,0.5802
370.76,0.5844
371.69,0.5844
372.63,0.5844
373.55,0.5844
374.03,0.5844
373.4,0.5844
371.68,0.5844
369.78,0.5844
368.34,0.5844
368.61,0.5844
369.94,0.5844
371.42,0.5844
372.7,0.5974
373.37,0.5974
374.3,0.5974
375.19,0.5974
375.93,0.5974
375.69,0.5974
374.16,0.5974
372.03,0.5974
370.92,0.5974
370.73,0.5974
372.43,0.5974
373.98,0.5974
375.07,0.6289
375.82,0.6289
376.64,0.6289
377.92,0.6289
378.78,0.6289
378.46,0.6289
376.88,0.6289
374.57,0.6289
373.34,0.6289
373.31,0.6289
374.84,0.6289
376.17,0.6289
377.17,0.6507
378.05,0.6507
379.06,0.6507
380.54,0.6507
380.8,0.6507
379.87,0.6507
377.65,0.6507
376.17,0.6507
374.43,0.6507
374.63,0.6507
376.33,0.6507
377.68,0.6507
378.63,0.6732
379.91,0.6732
380.95,0.6732
382.48,0.6732
382.64,0.6732
382.4,0.6732
380.93,0.6732
378.93,0.6732
376.89,0.6732
377.19,0.6732
378.54,0.6732
380.31,0.6732
381.58,0.6958
382.4,0.6958
382.86,0.6958
384.8,0.6958
385.22,0.6958
384.24,0.6958
382.65,0.6958
380.6,0.6958
379.04,0.6958
379.33,0.6958
380.35,0.6958
382.02,0.6958
383.1,0.7164
384.12,0.7164
384.81,0.7164
386.73,0.7164
386.78,0.7164
386.33,0.7164
384.73,0.7164
382.24,0.7164
381.2,0.7164
381.37,0.7164
382.7,0.7164
384.19,0.7164
385.78,0.7289
386.06,0.7289
386.28,0.7289
387.33,0.7289
388.78,0.7289
387.99,0.7289
386.62,0.7289
384.32,0.7289
383.41,0.7289
383.22,0.7289
384.41,0.7289
385.79,0.7289
387.17,0.7167
387.7,0.7167
389.04,0.7167
389.76,0.7167
390.36,0.7167
389.7,0.7167
388.24,0.7167
386.29,0.7167
384.95,0.7167
384.64,0.7167
386.23,0.7167
387.63,0.7167
388.91,0.7578
390.41,0.7578
391.37,0.7578
392.67,0.7578
393.21,0.7578
392.38,0.7578
390.41,0.7578
388.54,0.7578
387.03,0.7578
387.43,0.7578
388.87,0.7578
389.99,0.7578
391.5,0.7842
392.05,0.7842
392.8,0.7842
393.44,0.7842
394.41,0.7842
393.95,0.7842
392.72,0.7842
390.33,0.7842
389.28,0.7842
389.19,0.7842
390.48,0.7842
392.06,0.7842
393.31,0.795
394.04,0.795
394.59,0.795
396.38,0.795
396.93,0.795
395.91,0.795
394.56,0.795
392.59,0.795
391.32,0.795
391.27,0.795
393.2,0.795
394.57,0.795
395.78,0.8023
397.03,0.8023
397.66,0.8023
398.64,0.8023
400.02,0.8023
398.81,0.8023
397.51,0.8023
395.39,0.8023
393.72,0.8023
393.9,0.8023
395.36,0.8023
397.03,0.8023
398.04,0.8066
398.27,0.8066
399.91,0.8066
401.51,0.8066
401.96,0.8066
401.43,0.8066
399.27,0.8066
397.18,0.8066
395.54,0.8066
396.16,0.8066
397.4,0.8066
399.08,0.8066
400.18,0.8052
400.55,0.8052
401.74,0.8052
403.35,0.8052
404.15,0.8052
402.97,0.8052
401.46,0.8052
399.11,0.8052
397.82,0.8052
398.49,0.8052
400.27,0.8052
402.06,0.8052
402.73,0.805
404.25,0.805
405.06,0.805
407.6,0.805
407.9,0.805
406.99,0.805
404.59,0.805
402.45,0.805
401.23,0.805
401.79,0.805
403.72,0.805
404.64,0.805
406.36,0.8182
406.66,0.8182
407.54,0.8182
409.22,0.8182
409.89,0.8182
409.08,0.8182
407.33,0.8182
405.32,0.8182
403.57,0.8182
403.82,0.8182
405.31,0.8182
407,0.8182
408.15,0.8355
408.52,0.8355
409.59,0.8355
410.45,0.8355
411.44,0.8355
410.99,0.8355
408.9,0.8355
407.16,0.8355
405.71,0.8355
406.19,0.8355
408.21,0.8355
409.27,0.8355
411.03,0.8435
411.96,0.8435
412.18,0.8435
413.54,0.8435
414.86,0.8435
414.15,0.8435
411.96,0.8435
410.17,0.8435
408.76,0.8435
408.74,0.8435
410.47,0.8435
411.97,0.8435
413.59,0.7996
414.32,0.7996
414.72,0.7996
416.42,0.7996
417.28,0.7996
416.58,0.7996
414.58,0.7996
412.75,0.7996
411.5,0.7996
411.49,0.7996
413.1,0.7996
414.23,0.7996
415.49,0.8385
416.72,0.8385
417.61,0.8385
419.01,0.8385
419.09,0.8385
418.93,0.8385
416.9,0.8385
414.42,0.8385
413.26,0.8385
413.9,0.8385
414.97,0.8385
416.67,0.8385
418.13,0.8535
419.24,0.8535
418.76,0.8535
420.19,0.8535
420.97,0.8535
420.94,0.8535
418.85,0.8535
417.15,0.8535
415.91,0.8535
415.74,0.8535
417.47,0.8535
418.99,0.8535
419.47,0.8664
420.31,0.8664
420.99,0.8664
423.31,0.8664
424,0.8664
423.68,0.8664
421.83,0.8664
419.68,0.8664
418.5,0.8664
418.82,0.8664
420.46,0.8664
421.86,0.8664
422.8,0.8779
424.55,0.8779
425.38,0.8779
426.51,0.8779
426.9,0.8779
426.91,0.8779
425.55,0.8779
422.99,0.8779
422.03,0.8779
422.38,0.8779
423.85,0.8779
425.4,0.8779
426.65,999
427.09,999
428.15,999
429.64,999
430.51,999
429.61,999
427.87,999
425.48,999
424.37,999
424.87,999
426.46,999
427.49,999